-132
-59
13
37
-36
-36
13
109
37
13
-12
37
13
-36
13
86
-36
37
-108
-59
-11
-36
-36
37
-36
-59
-36
37
-12
-36
37
37
13
13
-36
61
37
-59
-59
-59
37
37
37
-59
-36
-59
37
37
-108
37
13
-132
-36
-36
-204
-36
109
-108
-59
37
-36
37
397
37
37
37
13
37
109
37
13
37
37
-108
-59
37
37
13
-108
109
-108
-12
37
-36
-36
37
-36
-36
-36
86
-36
37
13
-59
37
13
13
13
-59
-36
37
109
-36
-36
-59
133
37
37
37
-84
-36
-36
-36
-59
-36
37
-243
-108
-132
-36
86
-59
37
13
-11
-12
-59
-59
37
-36
13
-36
37
37
37
-36
-84
-59
37
-11
61
109
-219
-36
-59
13
-59
37
-36
-132
-36
37
-36
13
37
13
-36
-11
-59
37
-12
37
-59
13
37
61
-59
-59
-59
61
37
-36
37
-36
-36
37
-36
-36
-36
61
-59
37
13
-59
-36
-36
13
86
-36
61
-59
37
-36
-36
-36
-108
13
-36
13
-108
37
374
37
-36
-181
37
109
-12
133
37
-12
61
-36
-12
-132
86
37
13
-36
13
-59
37
-59
37
-12
37
37
-36
13
-59
13
-36
13
37
-36
-36
37
-59
37
13
-59
-36
-36
-36
-108
13
-108
37
-59
-108
37
37
13
13
-132
37
-36
37
13
-132
-36
37
37
-12
-59
37
37
37
13
37
-36
61
-36
37
-59
37
-36
-36
37
-219
109
37
-36
-59
-181
-36
-36
-59
-12
-11
-132
-36
37
-36
-108
-59
-36
-36
-59
-59
-36
13
-36
61
220
109
-59
-59
37
37
13
86
37
-12
37
37
-108
109
-36
13
-59
-59
470
1194
1650
4356
4479
4453
4673
4397
4581
3952
4130
3890
4024
2965
2736
2593
2261
2201
1773
1784
1924
1574
1941
971
1449
1370
1544
832
911
1236
1233
1255
1110
938
743
1258
404
1626
1480
899
617
894
587
1301
-38
1334
594
1063
213
932
559
1047
382
633
610
668
357
1086
535
613
680
1022
899
441
448
878
642
726
632
744
728
395
392
982
837
180
1038
536
750
638
718
732
356
835
811
346
360
418
1050
535
755
259
818
741
914
575
786
902
841
503
694
670
1098
442
260
1091
1004
745
1294
417
620
636
584
467
999
547
401
104
722
237
579
1002
768
462
923
1096
461
696
760
1263
809
625
914
337
641
549
332
1123
441
378
628
624
1096
753
1104
322
662
746
685
701
613
858
832
848
992
557
458
854
847
819
693
1149
927
210
670
549
1037
400
255
855
254
587
389
291
175
381
517
682
506
425
754
812
428
340
268
714
832
423
706
447
862
782
108
426
554
862
544
603
743
126
575
245
568
504
1020
898
653
1180
449
1017
1132
356
558
978
769
741
185
634
714
365
331
630
802
845
900
271
485
730
660
154
348
465
644
844
941
235
829
961
186
928
752
110
345
961
704
721
1201
714
440
1005
915
173
671
942
1192
847
648
75
785
854
572
-230
827
423
-35
308
512
1659
707
737
175
1014
187
686
262
708
849
493
1177
398
291
821
371
1072
585
808
983
686
-55
748
115
740
658
942
1080
294
861
397
754
482
684
788
781
572
565
985
498
1060
433
837
820
630
254
876
750
482
714
817
32
450
381
255
810
935
182
649
814
730
336
630
942
174
494
512
363
890
629
249
968
1086
307
250
1011
985
813
535
441
620
801
376
772
602
705
556
591
353
506
721
959
401
563
716
845
-37
1023
391
474
126
-153
419
919
667
63
505
853
279
513
691
522
716
944
612
501
904
608
374
990
691
934
280
525
872
609
1071
457
671
274
443
555
374
1023
852
-55
664
721
269
656
732
495
702
362
646
732
676
63
440
556
293
936
670
3
746
1175
534
810
253
303
1068
587
901
264
300
802
556
766
507
396
680
856
529
650
406
920
581
520
730
842
753
1097
40
536
1162
664
671
719
543
413
975
117
848
1144
1238
1021
480
584
370
411
663
515
536
863
840
418
446
379
259
563
295
180
935
648
99
902
374
448
663
669
936
495
551
957
73
981
840
884
363
619
432
303
988
769
155
737
626
395
335
663
508
931
34
497
614
598
758
1003
313
103
965
616
469
521
303
158
561
625
143
476
511
509
968
622
633
549
673
864
256
291
996
419
346
875
710
810
874
993
377
760
986
618
878
792
483
626
795
999
1030
251
898
1078
667
300
977
1019
636
368
813
832
413
577
482
952
765
130
940
514
627
502
935
705
864
484
101
808
795
89
1064
400
484
660
1040
287
595
869
921
400
-180
726
1107
291
832
688
649
821
736
281
224
934
461
860
532
160
544
1025
753
526
868
239
1019
843
326
744
427
819
569
220
553
974
378
999
872
434
1011
997
750
75
713
675
511
332
202
119
841
450
759
546
513
499
338
932
526
-21
767
683
526
847
630
218
975
684
347
739
753
278
940
323
1001
800
545
93
450
1112
697
408
970
567
552
684
448
402
702
382
592
930
1132
375
513
961
120
1107
759
533
788
451
736
769
189
539
1167
372
753
687
437
1000
1110
1107
647
294
441
1177
1118
820
753
875
677
742
272
302
1053
654
320
927
763
579
703
683
342
255
1262
384
744
760
1011
510
220
996
1084
623
830
398
450
671
679
992
489
427
564
856
829
703
235
422
219
258
498
619
367
751
634
359
870
338
284
911
679
267
998
1128
795
984
1011
1129
1184
674
290
777
501
265
830
171
845
550
374
287
292
945
548
412
549
702
412
624
487
555
971
406
905
718
-13
670
-121
707
325
639
657
575
477
477
514
546
797
1146
751
163
902
316
967
769
489
616
700
750
486
740
727
638
-65
658
338
751
573
707
402
627
675
630
560
586
782
49
1033
260
264
731
764
859
657
473
547
81
528
449
715
916
600
837
755
525
715
918
324
459
700
795
970
1135
505
510
936
844
378
1038
511
752
639
972
254
644
770
720
532
481
977
890
504
1243
516
821
754
861
458
549
473
223
460
725
1209
260
592
604
629
277
988
783
757
728
308
655
566
1083
257
668
395
510
533
1025
770
-153
508
923
228
702
682
624
744
537
796
72
437
590
688
414
642
644
116
935
919
339
111
920
730
374
324
680
688
511
895
692
698
798
479
421
662
876
580
849
529
464
1018
869
682
697
517
874
842
388
330
767
860
713
788
333
292
1173
735
504
579
665
956
265
290
1109
803
508
544
585
835
671
39
916
417
1007
512
747
440
226
514
600
431
1236
686
110
539
688
387
781
1142
446
-112
308
606
574
572
872
272
395
271
478
324
574
970
611
670
720
374
855
560
660
822
456
341
757
322
197
184
760
853
-265
425
917
243
-215
698
138
108
774
851
320
901
445
474
654
367
811
144
-11
420
335
588
781
434
925
347
431
1493
306
786
556
504
782
683
160
484
551
374
117
925
919
300
853
602
658
952
125
966
479
410
752
968
750
693
1006
966
494
337
532
919
330
376
660
256
1061
345
260
517
420
682
586
660
899
245
653
561
675
1003
514
715
306
772
623
519
350
511
868
135
716
727
255
558
353
1169
371
131
641
704
517
393
911
102
687
556
723
1013
292
-242
719
233
95
579
333
565
313
923
515
-31
730
920
338
855
441
463
528
590
688
463
807
754
254
1055
753
330
758
687
512
486
709
1093
1044
371
345
748
731
770
805
248
751
1007
512
480
786
350
738
1014
722
921
937
712
416
666
676
551
1162
662
384
551
550
655
212
912
1153
317
299
695
465
411
606
564
419
812
638
281
83
503
563
766
404
972
76
793
198
609
666
787
397
867
642
519
306
385
543
879
241
108
284
580
255
343
516
192
331
724
76
770
618
689
784
597
-66
529
964
371
655
858
436
-135
717
903
265
760
757
832
827
446
439
737
385
986
-35
243
893
566
762
611
731
481
489
664
687
837
355
180
370
760
868
288
874
461
581
882
587
584
690
426
492
969
1112
611
506
362
690
925
588
1004
333
282
1076
596
681
698
451
630
844
262
1022
637
468
1080
460
752
235
245
325
1102
797
1096
597
626
1094
354
702
238
292
794
828
532
598
782
707
582
675
344
272
408
377
721
952
432
738
299
522
674
511
368
1015
801
254
384
483
338
530
75
251
392
1041
214
180
824
473
464
769
535
614
654
-259
732
361
654
684
609
676
903
865
620
638
74
731
613
692
832
502
414
361
515
448
29
361
-193
111
256
605
43
391
916
259
558
836
894
910
369
858
986
382
882
696
435
843
547
328
632
293
543
660
537
-4
659
690
410
932
526
513
726
15
937
322
995
765
758
927
401
262
767
888
673
928
567
493
976
758
105
578
690
804
467
817
516
568
683
555
566
834
593
262
875
1016
484
927
749
507
1059
738
420
684
468
359
751
850
615
606
838
147
880
277
1010
603
371
682
243
628
1042
393
851
859
398
1089
810
591
723
677
676
947
563
217
1087
852
670
527
1129
732
894
492
917
435
1136
207
385
967
720
840
992
462
620
497
733
585
905
906
800
1048
514
609
683
515
1000
431
317
1169
783
208
503
216
446
536
323
1103
263
-116
323
1095
1097
336
705
357
679
111
1110
230
453
944
1029
249
493
564
380
796
397
126
570
144
685
497
971
47
856
237
719
618
581
265
464
744
143
596
576
54
360
1077
367
653
551
840
307
545
596
572
380
714
-15
528
388
637
620
843
353
465
596
469
725
705
-23
804
-221
90
750
351
615
823
464
347
484
673
677
553
67
310
1012
288
588
909
474
790
126
-9
993
519
368
512
655
572
798
-78
385
1032
301
855
684
817
191
1054
268
754
634
631
57
803
535
647
764
-243
498
734
-20
822
700
-260
723
560
820
30
575
267
642
807
255
227
921
209
508
703
852
910
161
55
892
271
219
720
349
537
839
621
137
635
456
469
984
664
471
692
231
391
747
891
104
421
532
240
645
513
629
441
987
770
564
96
469
388
468
807
171
-203
827
508
187
177
447
655
419
594
862
315
328
447
495
1012
235
593
1017
219
530
509
338
750
184
1041
355
292
635
872
1089
235
1138
574
957
755
865
814
519
977
896
761
544
812
338
335
519
961
174
341
756
639
120
680
574
336
292
354
875
493
257
950
765
535
815
254
878
878
1253
756
418
377
522
621
487
823
776
697
309
676
923
600
344
353
1179
812
298
459
872
634
219
1083
600
499
748
332
734
568
455
1091
757
568
330
560
640
347
294
660
147
804
948
645
391
36
850
1069
393
1016
428
517
739
417
896
793
340
459
631
437
851
502
153
741
619
703
473
622
370
588
625
831
659
609
834
556
786
871
532
211
761
1045
418
690
557
416
705
1049
484
405
1146
698
713
623
919
824
621
576
634
1090
721
335
373
972
349
420
1185
492
734
483
-19
547
1142
660
400
653
563
667
296
735
349
199
709
410
852
780
627
652
613
699
726
568
723
1027
782
553
719
445
182
703
656
-178
347
909
720
637
551
502
617
-147
393
36
278
579
531
866
554
364
480
793
354
197
939
679
727
782
1004
307
247
561
694
116
441
492
632
920
462
752
803
577
644
904
678
289
847
919
512
977
566
901
594
998
511
503
924
802
539
601
632
1041
1077
744
453
733
418
548
811
834
114
725
1089
227
715
602
454
910
1032
613
1052
901
1065
277
947
724
283
856
216
276
989
802
478
384
491
951
806
450
814
644
158
551
511
370
1059
576
915
651
866
382
629
717
569
431
1176
298
116
808
519
642
518
412
951
647
58
533
793
94
604
467
921
76
297
779
218
590
445
789
170
564
964
612
265
456
628
303
452
246
988
697
-34
358
673
515
741
330
858
473
372
1023
653
1091
651
286
748
628
225
921
569
630
392
1114
497
373
101
949
673
480
1090
486
767
448
346
1033
520
934
188
372
882
697
573
524
582
842
735
401
670
496
607
420
882
591
544
588
360
589
812
669
954
284
807
615
367
501
285
703
809
754
807
185
541
845
424
554
791
390
676
807
932
946
371
733
652
547
1025
709
1042
602
355
664
691
570
853
199
109
1001
424
434
677
540
535
-187
580
388
706
706
473
326
861
565
686
705
160
279
466
306
540
761
454
615
-228
603
265
587
757
12
532
692
656
620
930
284
209
586
88
417
1151
804
301
348
643
484
295
505
1079
247
616
639
1140
343
457
563
469
342
592
1061
380
426
910
376
840
902
347
316
491
240
803
295
379
462
444
634
812
368
447
378
914
976
851
375
785
346
442
120
761
785
368
733
432
982
814
473
293
630
639
1021
1073
469
450
837
249
387
596
303
677
329
1020
395
304
791
358
517
523
795
275
678
928
244
606
870
382
863
587
53
875
427
299
731
783
767
699
114
663
788
310
718
579
386
1140
841
723
768
257
1279
392
622
440
185
325
700
778
787
-162
232
779
311
716
755
818
823
254
1003
979
376
791
691
631
849
378
244
946
834
540
793
514
855
301
720
728
409
864
149
1136
581
825
450
656
772
597
862
819
901
442
536
501
441
192
1164
936
864
581
715
528
-161
223
1227
525
666
716
706
770
1098
390
545
664
547
808
431
-89
817
991
341
919
294
748
277
62
928
252
525
804
567
648
581
398
252
852
520
619
526
661
74
739
862
713
847
174
429
954
303
742
913
472
862
908
777
348
768
590
453
797
966
863
517
889
651
887
1036
419
944
735
454
1059
732
342
675
319
323
680
926
984
840
161
437
1072
278
708
700
389
318
868
905
408
791
357
610
570
859
971
463
251
784
450
1049
559
553
881
521
610
741
421
310
981
323
956
630
210
542
1037
361
636
751
909
722
73
775
399
758
804
715
674
556
1127
427
1015
701
499
713
524
138
781
1157
389
807
1034
997
338
817
1085
468
791
707
345
552
150
861
1072
389
1189
682
327
873
686
1121
771
412
552
1208
340
808
658
264
840
937
621
282
363
335
710
594
858
998
570
180
757
618
546
812
523
942
678
836
720
453
617
802
762
330
334
336
514
415
741
981
181
515
689
489
478
49
846
326
474
107
492
1096
360
658
594
218
1024
2
834
913
698
753
612
380
990
1015
365
396
564
107
889
689
237
599
333
879
1006
541
383
481
391
1096
491
366
806
618
363
350
829
637
492
1032
171
622
361
335
838
762
617
925
338
660
464
442
875
883
801
854
615
537
823
213
712
1037
732
478
1086
733
433
577
473
398
206
518
775
622
361
664
670
-87
805
258
316
656
940
432
447
577
492
228
941
766
351
763
484
480
649
80
922
544
467
682
431
681
523
174
676
1091
-13
-107
899
686
268
843
632
508
642
535
-30
557
229
891
792
599
694
608
-175
496
1144
285
832
464
788
350
878
335
517
409
654
714
583
600
679
99
-33
551
635
468
863
441
810
412
228
917
401
737
557
715
-243
531
295
278
564
609
777
-205
676
496
469
868
497
679
357
575
736
538
888
261
86
835
442
210
454
267
974
506
-36
604
410
897
278
502
681
321
875
543
346
1134
315
475
320
468
987
402
402
1077
315
332
555
840
754
1060
803
501
714
414
1011
432
1104
514
477
447
381
614
1087
290
1166
533
285
642
405
667
1082
775
483
770
712
410
333
220
544
291
569
286
485
354
357
745
319
590
425
363
456
1130
564
416
117
786
946
244
962
634
182
544
181
661
1184
263
1066
819
559
834
1101
584
675
233
966
638
551
750
497
519
744
204
413
583
330
504
585
484
382
1538
581
651
394
786
361
188
952
766
548
575
535
876
362
669
301
341
732
524
638
435
308
1058
376
732
850
299
178
874
567
478
611
471
920
-76
217
1021
451
514
317
479
501
333
352
548
297
473
576
369
991
302
624
359
773
776
-151
823
716
860
650
610
826
107
504
801
231
579
684
1050
506
326
192
395
374
910
966
-38
66
580
271
615
701
615
956
150
259
484
404
855
362
1105
449
440
468
1087
460
785
697
753
338
300
547
1006
753
613
547
696
200
656
1136
337
581
998
628
829
753
305
343
630
452
823
558
865
821
644
689
889
372
776
648
546
572
254
101
953
896
326
1110
504
558
803
310
182
814
583
445
836
263
601
981
415
1050
87
1151
780
614
548
542
888
241
326
648
315
618
754
536
551
720
537
576
553
389
805
625
482
715
515
182
904
87
311
455
338
604
766
404
788
32
149
787
29
749
496
1005
995
-147
222
527
217
749
544
553
-197
485
782
444
-78
626
177
536
1125
385
496
267
530
314
329
193
368
855
1096
34
915
543
193
503
283
574
967
310
515
582
551
297
1037
360
294
548
393
408
639
300
496
528
1134
482
841
427
338
429
906
413
636
462
896
674
104
1069
618
465
799
943
423
225
1130
479
652
750
333
930
450
334
1170
468
665
670
242
880
890
757
559
225
1056
760
296
1078
596
399
690
694
7
765
1193
302
950
594
349
906
141
519
1112
385
974
662
311
1015
327
639
656
677
762
153
632
1175
315
1052
406
329
494
704
748
411
821
629
502
468
475
936
339
793
1016
757
997
657
293
357
432
450
227
878
302
397
695
720
208
1187
882
700
137
439
925
133
486
1165
580
981
974
145
475
892
492
663
569
74
803
866
482
942
534
902
751
140
728
750
310
871
463
930
811
545
661
500
671
512
637
539
566
521
1062
660
292
827
757
416
944
603
672
664
532
692
809
267
878
466
952
806
307
983
308
326
467
264
134
573
283
539
791
595
929
185
500
574
642
369
544
662
139
802
425
622
541
883
1099
925
390
643
780
512
974
668
870
721
523
552
658
211
448
615
352
776
578
560
367
856
575
842
727
42
264
223
597
441
888
872
-42
609
575
196
592
388
1024
227
362
261
1008
409
1092
499
1096
627
375
821
432
67
676
760
334
1090
741
57
682
296
395
560
806
634
658
976
797
313
465
520
270
665
858
877
816
175
836
800
339
434
275
742
861
38
592
921
295
709
752
401
756
159
552
240
258
552
620
904
387
883
1153
926
817
743
727
-252
351
253
606
746
589
29
-258
601
-20
374
496
536
477
-67
584
846
397
653
424
666
361
279
179
895
782
385
809
309
755
242
345
312
586
748
922
103
1058
356
634
1060
270
917
488
512
795
470
856
728
890
302
696
707
527
886
395
708
855
231
758
694
745
389
838
393
298
1084
370
510
656
395
326
-146
630
226
952
161
520
512
721
963
51
1069
731
86
810
704
579
344
749
227
509
556
635
737
311
367
1064
340
818
485
175
990
454
796
571
352
704
569
41
498
567
729
728
74
350
525
444
616
267
738
284
590
969
400
961
294
858
138
-38
676
272
583
509
253
894
571
658
652
208
504
204
622
952
110
648
1111
344
282
365
1071
289
543
568
521
642
860
348
733
426
666
673
820
1142
378
579
660
222
864
332
1184
496
357
1144
631
580
409
943
881
811
314
836
490
748
870
238
646
676
632
380
694
725
712
440
717
87
860
203
604
515
440
391
-254
693
548
529
684
465
972
227
535
510
812
764
744
266
842
618
537
695
615
445
847
410
189
675
568
698
987
1001
300
651
367
747
698
143
223
719
525
739
574
642
776
549
62
427
-14
754
330
996
731
385
497
756
653
41
511
712
304
465
317
954
616
262
300
945
610
143
717
405
820
-55
543
293
564
974
819
948
250
288
789
719
706
672
366
-147
614
613
-10
190
1089
541
761
586
656
339
225
793
371
750
400
646
239
622
774
993
284
208
395
125
572
560
852
566
303
495
587
445
858
601
462
365
308
830
324
523
330
707
831
123
742
351
1328
461
930
262
423
689
1002
297
1000
742
323
730
353
382
624
579
786
413
192
860
670
846
548
820
744
1009
721
542
472
1140
502
844
526
455
655
412
302
615
480
781
-36
991
416
480
785
472
734
-37
70
429
596
363
519
741
616
380
1022
477
494
548
934
45
636
923
341
432
382
831
218
1202
562
854
357
425
532
746
991
621
483
817
500
792
555
350
461
870
235
376
668
812
575
590
282
928
615
431
468
682
444
-174
675
771
623
519
373
577
569
255
539
374
598
478
380
914
738
1013
495
1119
556
262
690
1086
620
156
692
566
765
910
327
803
1099
440
866
700
330
1003
650
420
839
227
909
603
590
737
253
739
632
641
720
408
359
372
330
302
393
859
291
511
561
767
713
85
302
335
296
473
601
838
532
-261
864
428
478
146
162
510
1008
379
417
367
638
368
1086
231
152
496
431
356
777
685
684
906
421
763
244
1000
357
1130
285
1065
769
207
1042
434
888
427
720
355
394
830
579
519
674
334
94
997
489
780
518
291
909
642
705
547
202
648
67
234
202
-233
504
966
519
648
663
350
-294
588
659
440
800
577
552
66
502
221
610
864
268
255
647
712
478
1026
440
41
215
294
945
1036
384
352
284
852
419
1161
338
1051
609
759
870
189
572
221
594
696
967
1108
460
762
546
294
1084
400
626
862
606
147
393
615
252
723
576
196
718
218
576
526
670
544
629
1109
309
847
509
223
595
176
600
952
148
499
343
508
521
357
612
965
986
302
429
773
834
878
1061
605
234
408
750
397
600
523
163
568
960
660
575
886
589
744
566
784
902
328
659
807
552
865
69
631
915
368
486
841
122
435
737
29
881
254
328
498
277
977
-17
326
228
506
1061
245
1061
772
697
469
440
897
537
540
103
733
657
790
305
666
470
830
33
880
359
739
652
54
389
437
761
1019
329
729
-201
522
834
710
265
611
72
372
424
536
632
511
441
830
620
341
757
510
508
1166
244
301
475
451
77
412
719
228
241
752
522
762
810
-14
876
310
619
314
966
863
722
700
380
813
685
897
773
493
522
670
116
732
430
1203
673
608
-113
498
231
906
434
591
67
442
596
131
396
43
778
724
302
726
718
711
803
178
686
831
149
565
217
859
642
241
942
871
178
824
365
561
893
-127
510
319
597
377
923
1115
381
623
535
739
826
627
445
768
698
417
504
756
851
608
244
920
690
616
374
1047
737
238
533
376
687
987
1053
896
735
839
710
964
1016
724
760
470
-74
942
829
823
303
702
454
596
535
888
827
639
915
622
1079
474
194
1182
292
501
799
768
650
520
615
1076
640
296
587
619
390
466
457
554
114
311
973
355
140
933
294
630
480
284
922
771
159
293
562
328
697
1060
726
633
644
809
795
558
865
651
531
523
902
592
315
458
352
748
902
393
457
532
484
277
598
1073
233
785
300
929
1071
323
765
168
742
738
323
475
560
579
238
845
366
203
657
602
902
66
546
364
790
754
488
190
828
911
345
663
744
527
548
505
323
701
940
613
927
499
951
404
798
741
940
821
381
910
621
624
566
891
971
888
421
457
237
661
870
303
623
854
270
813
355
866
541
938
376
539
854
441
803
793
311
621
467
292
573
420
321
625
512
94
689
399
722
219
1104
389
723
-33
527
651
514
843
652
941
667
558
440
208
375
380
822
381
594
668
82
280
829
590
20
-66
276
432
976
928
307
571
237
657
400
869
748
928
136
631
184
934
74
328
259
322
623
1048
181
218
219
539
381
196
396
224
995
291
150
921
877
502
512
922
7
723
429
463
1162
942
684
224
673
483
560
554
-11
783
579
299
524
742
520
554
587
11
330
917
230
644
424
509
716
437
1031
321
1167
257
504
358
871
300
324
866
550
332
1036
422
620
440
238
339
1149
641
234
662
1218
309
565
678
620
1044
822
563
725
226
367
873
379
756
495
689
459
231
604
577
441
828
64
303
258
710
296
371
718
368
871
-141
633
322
437
563
438
294
746
825
614
851
246
604
717
320
647
691
256
403
1172
401
758
132
481
865
532
480
593
518
821
424
1010
795
962
771
560
658
421
613
486
297
769
1176
886
326
292
782
360
928
489
261
512
597
1016
539
183
460
323
436
412
1133
840
115
262
666
467
450
506
402
505
400
438
406
467
817
331
190
679
354
406
255
-83
627
46
764
1064
355
531
572
807
551
763
809
599
223
450
358
558
700
668
-128
880
321
443
686
882
753
-10
416
1197
354
756
600
511
739
399
616
494
934
474
554
907
1073
487
432
788
780
883
568
559
628
348
202
-4
957
381
631
952
644
742
1114
313
590
974
578
1027
319
341
593
1192
348
518
351
569
754
999
985
679
96
600
523
729
373
400
752
262
85
794
391
601
655
469
542
857
682
648
664
848
831
444
499
1231
310
447
1266
642
544
581
782
1026
540
1059
528
434
303
631
483
396
713
536
992
1025
57
-58
731
626
743
744
644
1044
834
-107
589
745
570
634
344
650
480
735
544
752
645
635
1001
641
436
649
643
655
858
1108
447
699
588
673
194
120
726
759
212
1113
796
592
625
912
336
299
1046
734
1254
780
515
347
628
1211
600
926
786
242
629
983
131
256
356
445
910
677
607
762
404
693
749
696
722
130
917
765
827
915
674
802
605
688
878
990
175
1239
563
738
411
1177
596
376
287
645
110
852
823
142
313
747
505
814
48
719
850
730
691
661
771
738
1033
586
1030
1137
758
720
740
982
329
876
1035
576
659
767
1023
254
784
683
819
614
1118
840
700
1157
470
737
516
474
995
932
248
214
412
865
1107
347
687
454
726
526
798
454
637
1092
707
260
756
1180
423
744
660
564
1003
322
473
643
788
405
855
697
559
338
455
329
1017
256
529
471
632
980
837
976
709
540
818
607
959
888
646
812
902
930
815
805
1159
419
947
907
1048
1091
344
1046
711
349
268
500
457
607
270
83
591
675
894
792
821
787
107
689
441
645
829
897
930
875
447
591
695
1098
364
1062
350
847
204
547
1030
826
474
987
946
249
400
652
1088
930
280
398
474
868
310
723
926
603
829
180
689
551
573
722
589
29
348
263
893
694
693
931
310
940
251
859
534
590
413
794
260
647
791
-3
262
679
366
251
728
645
542
498
522
208
349
786
546
648
586
705
-102
776
789
-31
722
716
298
370
555
650
319
901
775
412
370
598
480
828
835
223
903
603
531
310
789
254
620
575
13
248
410
435
1030
574
571
507
711
232
784
535
266
927
671
680
404
513
855
374
472
622
764
419
508
705
-4
803
556
827
359
376
630
481
782
395
270
807
796
732
292
987
988
131
182
515
239
544
642
598
1042
69
327
398
519
771
1060
36
585
48
399
254
747
38
699
396
686
217
508
192
397
438
667
923
342
646
477
592
1224
423
378
1010
355
325
639
401
789
496
144
515
369
442
592
1097
26
569
490
298
638
522
807
518
786
584
172
558
801
816
278
264
378
285
2
313
980
486
1007
415
161
504
480
332
1003
1016
639
423
177
525
602
882
113
883
415
678
273
80
539
923
238
515
857
621
289
876
758
126
1019
734
513
663
941
443
368
845
838
82
663
658
671
589
958
42
1004
501
754
707
377
547
385
787
324
548
459
375
684
325
313
952
514
1108
303
519
921
364
304
534
355
430
412
781
507
975
579
240
315
448
521
1048
867
177
491
445
400
726
269
542
318
1038
427
427
1108
189
385
492
195
465
532
434
653
1000
471
460
893
491
368
479
1023
748
299
828
299
736
1125
960
323
314
1125
303
924
814
65
793
881
490
460
261
1076
676
670
483
326
861
206
523
974
607
988
995
602
723
679
714
13
222
507
435
554
775
402
72
726
774
966
36
64
646
480
589
321
643
699
587
280
595
430
472
548
229
985
614
830
443
428
571
465
792
292
346
685
459
535
560
-189
606
579
138
452
920
519
627
271
646
622
718
194
482
306
405
628
390
515
502
-94
191
-7
892
313
1024
478
241
833
383
243
429
536
552
45
937
488
793
588
595
505
516
949
431
501
332
429
685
219
34
729
394
414
884
530
866
264
859
896
495
504
460
469
660
438
475
252
649
232
467
408
243
84
975
439
488
251
452
239
437
720
150
515
822
16
764
343
717
855
800
248
784
701
864
330
226
630
941
-218
521
167
390
72
262
-31
756
56
509
216
138
462
660
518
476
773
435
325
-229
240
727
-126
872
669
901
444
411
508
501
180
623
254
86
594
329
864
258
526
614
550
-198
641
1041
38
528
315
895
689
248
365
753
748
786
321
506
966
620
988
474
430
460
376
897
252
731
632
663
525
624
679
-151
713
582
780
296
509
468
797
170
431
895
15
485
275
354
1044
170
521
100
755
763
435
443
390
623
400
137
380
1053
779
105
982
696
-11
770
239
656
620
486
208
355
1064
565
918
581
330
495
316
1081
939
202
814
901
360
804
-2
873
436
590
558
596
618
314
298
336
278
724
76
-4
497
440
469
620
559
214
608
509
442
454
900
255
-120
471
293
561
553
663
478
880
106
520
984
285
955
452
149
264
578
467
877
670
697
451
638
286
754
559
443
-263
231
792
63
786
496
792
467
272
521
728
450
473
490
839
663
778
391
704
155
199
178
912
801
906
295
1017
475
743
488
1240
777
450
604
324
306
615
23
911
544
571
603
679
318
481
295
861
739
368
1106
591
258
378
443
997
589
674
755
835
295
473
546
367
380
544
847
440
596
924
252
717
222
622
294
394
442
472
541
502
589
887
351
400
526
295
-28
300
473
128
270
1018
367
591
299
405
504
545
1004
106
531
431
147
676
587
609
916
393
871
384
537
751
262
747
949
149
658
607
291
605
984
850
222
767
-291
750
555
856
703
642
890
198
494
258
814
1010
690
602
553
798
358
664
171
722
728
980
693
611
542
320
468
132
409
671
758
633
667
974
396
858
358
488
714
494
581
898
41
955
881
215
336
1021
241
-31
854
412
731
421
958
41
288
1016
387
883
571
515
722
892
562
333
641
457
921
437
426
824
143
349
312
143
494
417
1044
1012
142
451
409
902
-44
703
254
889
637
933
612
479
626
464
509
790
587
151
1051
588
554
980
370
885
808
294
624
640
647
838
677
750
238
590
919
476
452
282
356
628
594
735
41
881
790
254
692
625
792
616
789
209
379
459
365
1080
408
577
480
309
481
186
524
1037
679
671
612
167
409
432
181
680
1007
275
543
369
681
185
659
959
324
535
612
173
109
593
756
237
894
381
637
661
284
540
744
297
550
338
737
678
677
521
677
1063
126
432
370
1103
1033
415
492
550
572
679
120
408
224
714
608
550
796
28
820
841
367
903
472
923
805
254
709
284
549
750
171
337
739
478
747
4
744
645
252
663
368
684
96
214
696
507
783
513
835
577
988
473
62
568
661
263
589
438
555
261
498
144
435
493
552
968
145
668
353
415
232
234
870
148
1103
263
985
669
433
300
904
604
444
688
606
214
321
674
640
645
977
435
930
334
596
798
674
359
476
932
443
655
631
675
881
428
973
521
609
706
677
538
891
955
471
493
1018
335
996
644
477
651
937
383
589
695
458
474
143
1095
690
552
1137
479
1016
745
242
613
525
331
603
381
472
880
676
73
877
948
271
1095
552
710
770
357
1002
500
985
807
408
721
284
464
638
1040
433
528
423
383
970
367
967
580
369
1012
450
304
482
606
893
116
873
804
657
616
912
533
800
-1
959
939
278
656
575
747
28
342
1091
619
351
302
666
531
490
810
414
-159
356
717
792
415
512
860
43
514
405
919
655
695
473
96
859
672
369
412
747
467
772
697
597
1087
369
747
484
567
878
-56
1070
301
319
703
780
722
585
797
718
640
838
960
673
855
328
375
874
924
290
880
978
1046
555
459
819
627
695
851
305
298
721
604
994
685
541
797
408
297
423
431
804
616
196
997
638
471
807
1072
118
256
581
275
464
354
793
406
302
634
681
931
896
106
824
284
901
435
800
384
699
381
503
385
980
461
519
788
238
-14
1007
224
613
589
581
1000
502
417
715
400
752
411
953
430
132
897
400
515
852
980
440
450
505
223
555
598
180
678
422
558
720
401
914
220
615
527
630
597
402
907
113
482
898
270
1178
599
518
898
362
105
446
294
581
782
868
359
258
417
634
267
926
348
16
846
975
606
700
952
685
809
282
951
510
678
876
501
375
676
656
521
908
454
725
156
660
858
375
763
708
465
847
303
839
395
864
666
743
444
897
493
801
584
125
220
584
687
811
757
-175
601
652
403
746
512
802
509
118
901
609
182
539
194
921
871
163
667
779
633
577
299
932
211
176
1041
254
683
507
378
791
644
99
808
564
484
376
498
860
63
710
1037
223
1079
679
950
884
277
1072
577
765
620
316
630
181
613
505
731
396
622
620
1087
668
940
751
733
211
769
1105
951
314
1170
744
990
138
531
1226
618
1050
800
395
414
1022
432
331
1049
769
484
546
944
538
534
304
693
737
278
719
845
441
762
108
722
1148
354
743
731
624
737
811
210
439
1046
720
771
480
878
932
433
416
918
961
739
905
636
926
557
405
892
258
853
1025
486
1137
675
320
975
1068
365
963
732
645
575
814
1231
357
660
473
306
622
358
722
1048
389
-50
834
983
153
486
517
688
533
689
209
365
1002
546
605
1099
1039
316
424
1185
722
502
606
760
611
899
888
213
641
1277
735
532
492
526
777
940
468
1101
499
584
816
852
639
609
218
757
933
871
755
629
728
939
1075
727
888
1258
526
506
405
776
1023
634
526
915
717
463
268
618
869
559
808
844
92
730
672
573
623
439
656
769
-46
359
908
1043
748
448
490
791
1198
837
800
149
1255
1051
706
372
731
921
623
736
1096
795
427
557
862
1147
417
1012
793
419
977
459
457
1086
726
417
219
652
633
1030
329
707
901
1051
510
796
757
818
857
807
424
241
962
1093
724
457
1080
842
555
581
722
852
984
473
309
524
437
831
1044
766
828
809
307
260
1224
975
568
501
1021
601
700
1069
998
484
402
1022
545
662
563
1054
1003
319
583
571
555
975
746
575
739
1190
742
141
585
1070
987
515
469
738
1162
621
496
343
714
719
512
592
661
1106
629
632
399
1274
909
952
650
689
748
1245
733
361
873
1079
1079
450
776
530
911
609
786
1027
1022
365
117
672
1376
970
509
726
879
640
946
1066
1253
443
883
1139
1230
667
435
577
643
662
859
801
258
1296
672
279
811
1322
914
511
702
687
764
843
800
1074
377
525
1243
537
1205
929
560
439
718
1336
1173
483
502
1151
887
722
577
653
995
1105
754
672
1214
1126
749
256
1154
1364
484
447
804
694
948
816
319
215
841
288
1212
832
709
494
523
963
944
452
882
1056
1480
1136
656
387
474
482
937
1443
1174
821
805
1391
934
629
657
559
928
1143
1053
865
519
410
708
1274
1121
663
938
492
828
649
961
737
985
840
918
1099
1244
1253
840
741
775
577
1160
1637
1476
1146
1049
1170
1038
626
767
840
730
658
894
688
967
1230
969
1243
1155
1174
1023
1026
978
1416
1239
1322
1005
1110
1037
1246
1684
1707
1571
1865
1452
974
590
917
1653
1924
1240
1598
1607
1710
1304
1363
1896
1826
1850
2210
1741
2162
1526
2288
1878
2094
1732
2161
1673
1743
1865
2042
1960
1691
2199
1738
2942
2102
1848
1938
1658
1906
1709
1973
1809
1726
2091
2049
1756
1887
2217
1799
1717
2153
2003
2364
2236
1911
2045
1860
1974
1956
2019
1816
1297
1580
1880
1906
2200
1982
1677
2069
1345
1936
1862
2102
1440
1594
1780
1840
1429
1878
1424
1850
1805
1700
1681
1601
1209
1848
1731
1623
1467
1911
1191
1914
1918
1877
1761
1730
1847
1301
1553
1484
1695
1617
1895
1736
2216
1216
1831
1606
1706
1704
1620
1740
1542
1957
1940
1484
1901
1712
2170
1956
2051
1712
2131
1882
2341
1952
1952
2153
1894
2112
1797
1875
2068
1589
2168
2445
2032
2333
1823
1876
2189
2330
1848
2257
2501
2001
2148
1903
1926
2633
2559
2412
2382
2508
2262
1931
2587
2222
2703
2720
2498
2735
2489
2532
2394
2391
2467
2871
2505
3102
2825
2681
2984
2855
2752
2771
3070
2771
2698
2735
2579
2879
2876
2910
2708
2889
2937
2975
2759
2496
2976
2824
2652
2899
2974
2352
2751
2904
2835
2526
3010
2948
2502
2458
2694
2664
2821
2478
2450
2826
2570
2659
2373
2503
2126
2525
2696
2397
2463
2444
2551
2412
2416
2416
2214
2594
2268
2236
2211
2041
1851
2408
2195
1996
1921
2175
1998
2108
2531
1892
2479
2344
2178
1812
2406
2291
2357
1555
2621
1909
2203
2196
2578
1983
2279
2582
2406
2055
2246
2330
2324
2162
2698
2355
2511
2406
1712
2173
2787
2296
2603
2056
2648
2488
2470
2608
2492
2858
2880
2936
3032
2706
2859
3007
2683
3407
2830
2960
3062
3184
2871
3220
3197
2863
3008
3199
3529
3240
3299
3163
3094
3204
3027
3360
3322
3355
3397
3509
3352
3526
3156
2958
2106
1723
1618
1383
1238
767
962
1179
1024
-362
-273
-285
-147
0
-50
-18
72
74
224
495
592
667
544
726
713
698
726
741
649
664
736
612
563
525
678
473
526
593
565
613
477
562
417
372
429
484
411
408
221
297
375
261
238
185
199
287
202
215
178
160
229
-44
-36
-103
-32
-44
-115
-25
-166
29
101
29
8
27
9
-97
80
-44
-44
-44
81
27
11
-114
-61
10
80
27
80
169
27
-44
-44
-44
81
-44
-44
27
-44
-98
98
27
-44
11
27
98
-44
81
81
27
11
11
11
27
11
27
27
27
-114
81
27
98
-98
11
11
-44
11
98
-44
-98
81
-98
11
27
-44
-6
11
-98
11
11
11
-27
81
27
-27
-44
81
-44
-44
-98
-44
27
-44
-98
152
11
27
27
27
-44
27
-44
81
27
27
-44
27
27
-44
-44
27
-44
27
11
11
-98
11
27
27
-44
81
81
81
-44
-44
11
65
-60
11
-44
-44
-60
-114
27
11
27
-27
11
-44
27
-27
11
98
11
-114
27
27
81
-168
-44
81
-44
-44
-44
27
-44
-60
27
11
-44
-114
114
11
27
152
11
11
-44
27
11
27
81
11
-44
43
-44
-27
-44
65
-44
27
-44
27
65
98
27
65
-44
-44
-44
27
27
-60
-44
27
11
-114
27
81
-98
81
98
11
-152
81
-44
-44
11
-44
-27
-27
-11
-44
81
-44
65
-44
11
11
-60
-44
27
-44
-44
-60
-114
-44
11
11
-501
-60
-44
-44
-114
-98
-44
11
11
27
11
11
-44
98
-44
98
-60
-98
11
81
-44
27
27
81
-152
-44
-27
-44
27
81
81
-44
27
81
-27
11
-44
98
27
-114
81
81
-27
27
11
-98
98
-27
-44
-255
81
11
65
-44
-60
-44
27
-44
81
11
27
11
81
81
27
27
11
11
-44
11
11
81
11
27
-114
27
27
-213
11
81
-44
-44
98
81
81
27
-27
-44
27
-44
81
-44
27
98
98
119
152
-44
-44
81
-44
-44
-44
11
27
11
11
65
27
-114
81
27
-44
-44
27
98
11
-44
-60
-27
11
11
27
27
81
27
43
-44
-44
65
-44
-27
27
-60
27
11
11
-27
27
27
81
-44
11
-44
11
81
27
-44
81
-44
-44
-98
-44
-98
81
11
27
11
-44
27
-98
-98
-114
81
98
-44
-481
11
81
-229
27
11
65
81
-44
27
81
-44
-44
11
-44
11
27
-27
-44
27
-114
98
-44
65
27
-44
81
11
11
-27
136
81
-27
-44
-44
152
-44
-60
27
27
81
-44
11
-98
27
-44
-44
-44
-44
27
206
136
-60
98
-44
-114
-60
81
-44
11
81
-44
27
98
65
81
27
27
27
27
-60
11
-44
-44
11
-44
-168
-168
11
-44
-44
-44
27
-44
81
-27
-60
81
27
11
11
-44
81
27
81
-44
27
27
27
-44
-44
206
27
43
11
-44
136
11
11
-44
-44
-44
-98
-44
11
-44
81
81
-44
152
-44
-44
27
27
-201
-27
-98
27
-44
27
11
-44
81
-27
27
-98
-44
65
-98
27
81
11
11
152
65
-60
-44
81
-44
81
65
81
-98
27
27
-44
-44
81
-44
27
-27
27
-168
11
-44
11
-44
152
27
-98
11
-44
-44
27
-168
-44
81
-44
11
-44
11
27
11
-44
-27
11
65
-114
-44
81
98
-27
27
81
27
27
-44
-114
-44
27
-44
11
-98
-245
81
-27
-44
-44
-114
81
-98
65
81
81
-60
-44
-44
-44
43
11
81
43
81
27
-44
-44
-44
-168
-44
98
-44
81
98
-60
81
27
-44
-44
-98
81
11
81
136
27
168
11
-60
98
-44
-6
-44
-114
11
27
-44
-44
11
-44
-44
27
81
-98
81
11
-44
27
-114
11
-44
-114
98
11
136
81
-98
27
-44
27
81
98
-114
212
11
-44
11
-158
81
152
27
-60
-44
-44
-98
-44
11
-98
11
-44
27
27
-98
11
-27
27
11
81
-44
-27
27
-44
27
27
81
81
65
27
-168
98
81
-44
11
-44
81
-44
-6
27
27
11
11
-114
-27
-44
11
-44
81
-44
27
98
81
27
-27
27
98
27
-44
27
-60
27
11
81
-44
11
98
-98
-60
27
-44
-44
-27
98
11
98
27
-60
-44
27
-44
-60
27
-60
-60
27
27
11
27
11
27
27
-44
11
-44
-60
81
81
81
-44
27
-60
11
81
-44
43
-44
-44
-60
-44
-27
11
27
98
81
11
81
-44
-114
-27
27
-44
98
98
-27
27
11
-270
-114
98
-60
27
27
11
27
81
27
-44
27
43
27
-44
11
-44
27
-44
-98
-44
81
-44
81
27
27
-114
-44
81
-44
-44
-44
-44
27
-44
27
-60
27
-114
-114
27
11
98
11
-44
-44
-44
27
11
-44
81
152
27
11
27
-44
-44
-44
-44
-44
27
98
27
81
-44
-114
-60
-44
27
11
-44
-27
-44
-44
-130
-98
-44
11
-44
65
11
-98
11
-44
27
98
11
11
11
27
-44
81
11
27
-44
-60
27
-114
81
-44
11
-44
81
-168
27
81
-44
-44
27
-44
-98
-114
168
-44
-44
27
11
-98
-44
-6
98
11
98
-44
-44
-44
81
-114
27
27
168
81
11
-44
-27
27
81
-44
-98
-44
-44
27
81
-44
-114
43
27
-114
81
81
-60
212
-44
11
-44
27
11
27
11
11
27
81
27
65
-44
27
98
81
11
81
11
-44
-114
-60
-44
-60
11
-44
27
11
27
27
-44
27
-27
27
81
27
27
-44
-44
-44
27
-44
81
27
-60
11
27
11
81
81
27
11
81
-44
-44
81
11
-44
81
27
-44
27
-114
152
11
-44
-44
-44
81
27
-44
98
-44
11
27
-44
-44
-535
11
27
81
-44
-44
81
81
27
-44
11
-44
81
11
81
-44
-44
27
-98
27
81
81
81
136
-44
-44
11
11
27
-44
-44
11
27
27
27
136
-114
27
27
-44
-44
-98
11
27
65
-114
27
-44
-98
81
27
-114
-44
11
27
-114
27
-44
-98
98
27
81
11
11
-44
-44
11
-6
27
81
-44
11
11
11
-44
-44
11
27
27
-44
-44
-44
-44
27
81
11
-114
-44
-44
-44
27
11
27
11
-44
11
-98
11
98
27
-60
11
27
27
-44
152
27
81
11
-44
27
81
81
27
27
98
-44
-114
-44
-114
-44
27
-44
11
-44
-60
-44
11
27
-98
98
27
11
-98
27
11
11
27
11
-98
-44
81
81
81
-44
-44
81
81
-44
27
27
-98
-44
11
-98
27
81
81
27
-114
-98
11
11
152
27
27
27
-44
27
27
11
-114
27
-44
81
-223
27
11
-44
27
11
-324
-44
27
-44
65
-309
27
27
11
-60
98
81
142
27
11
27
-114
98
11
-27
81
27
-44
11
27
81
11
-44
27
27
-60
-44
-98
11
65
81
27
81
-114
65
27
222
81
-44
11
-229
27
-44
-114
11
-44
-27
27
11
-44
-44
81
-44
27
11
-27
-98
-98
11
27
27
-168
-44
136
27
27
81
98
81
-44
27
81
81
168
-44
168
-60
27
-98
-44
-44
27
-44
27
81
-27
81
81
27
11
43
81
27
27
11
-114
27
-44
27
-114
81
81
-98
-44
-44
-44
11
27
81
81
-44
27
-27
27
-44
-44
27
11
27
65
27
-44
-44
152
-44
11
98
27
-44
27
136
81
11
98
27
81
-44
-44
-44
-44
-44
-44
11
-44
81
81
98
-44
-44
27
81
152
81
-44
-60
-44
11
136
65
-44
81
81
81
-44
27
-27
-27
11
11
-114
98
-44
27
27
-44
65
-6
-98
81
11
27
81
-44
-44
81
-44
27
98
-44
81
81
27
11
11
-27
-60
11
98
-44
27
-44
-44
27
-98
-44
11
-60
11
-44
81
136
27
27
-44
81
11
81
11
-98
-44
-98
27
11
81
27
-114
-98
-60
11
-44
98
27
27
-44
11
27
27
27
152
81
65
-44
11
11
-44
11
-60
43
98
-98
-44
-44
27
27
-27
27
-44
11
-44
-114
-27
11
27
81
11
-114
27
27
98
27
65
-44
98
27
11
27
11
11
11
-44
-27
27
27
27
-60
27
-44
-114
11
27
-44
-44
27
81
-44
-44
11
81
81
-44
11
-44
-114
-27
-44
-44
-60
-44
65
43
27
-44
-44
98
-44
-44
27
81
-60
-98
-44
11
81
-44
11
-44
11
11
27
27
81
-27
65
-44
11
-44
27
-44
27
81
-44
-44
11
-44
-98
11
11
98
152
27
27
81
27
-44
-44
-44
27
27
11
-44
11
27
-44
-44
-27
81
152
-44
168
27
-114
-27
-44
-27
-98
27
-44
-44
11
-44
-27
-27
-44
-44
27
11
-168
-44
11
-44
-44
27
81
81
-44
-44
-44
81
98
-44
27
-44
27
11
-44
27
152
168
-44
81
27
27
81
-98
27
27
81
11
-44
11
11
-27
-60
98
152
-44
-44
27
-44
27
27
-44
81
98
-60
-44
27
-44
-98
27
81
-44
-44
152
81
65
-44
-98
27
65
98
27
11
81
-168
81
81
-44
-44
-60
-44
98
-98
27
-44
81
27
11
27
98
11
98
27
-44
27
-44
-114
-44
152
-114
27
-27
-44
11
-98
11
11
-98
11
-44
27
11
27
-44
-44
11
-44
11
-27
81
-27
11
98
-152
-44
-114
27
27
81
27
27
-44
-44
27
-168
27
-60
27
27
81
-44
-27
27
-44
-44
27
81
27
-44
81
-44
-44
-44
11
-44
-114
27
-44
-44
81
-44
27
11
11
-27
27
-44
81
136
27
-60
27
81
-44
11
-44
98
-98
-98
136
27
98
11
-185
27
81
27
27
-44
27
11
81
27
11
-44
-44
27
-98
81
-44
27
27
27
-44
81
81
11
11
-44
11
-44
81
-60
81
27
-44
11
-60
43
-98
-309
11
-44
27
11
81
81
-44
81
27
-44
-44
-114
-44
-60
27
27
152
11
-44
11
-114
27
-44
-44
-44
11
136
27
27
27
-60
-114
27
-44
27
-44
-60
11
27
11
27
-44
11
-114
-98
-44
27
81
-98
81
11
152
-44
-44
27
-114
-44
27
11
11
11
-44
27
81
-44
-44
11
-114
-114
11
81
11
-44
98
-44
11
-114
81
-44
11
-44
-44
27
-114
-114
-114
81
-44
-114
27
-44
11
27
-27
-44
27
-44
-60
11
11
81
11
98
-114
27
81
11
81
-27
-44
-60
27
27
81
152
65
81
-44
27
81
98
-44
-44
-60
-44
-60
27
-98
-44
-114
65
11
-44
136
11
27
27
98
27
11
81
-60
-44
27
-27
11
-44
27
81
-44
-27
11
-44
81
11
-44
27
-44
11
81
27
11
152
-27
98
-44
-44
11
98
27
-44
98
81
27
11
65
27
27
81
-44
27
27
-44
-255
152
11
136
81
81
-114
27
-114
11
-98
-98
-44
-98
27
81
-44
11
-44
81
81
27
81
81
27
-44
98
152
27
27
98
-44
11
-114
-44
11
11
27
-44
11
-98
11
27
-60
81
11
-44
-168
114
98
81
-44
65
43
27
-60
11
11
-44
11
98
27
-44
-114
-114
81
27
11
11
27
-44
27
11
-44
152
81
-44
27
-44
27
-168
11
27
-27
-44
27
27
-44
11
-44
11
-98
-44
11
-44
27
-44
27
-44
-44
-44
168
27
81
-27
81
81
98
239
11
81
27
81
-114
65
27
81
-44
-44
27
-44
81
212
11
-44
-27
-44
27
27
81
27
81
11
-44
27
11
11
27
-44
152
-114
11
-44
-44
-44
152
27
-44
11
27
27
136
114
-44
-44
27
11
-44
11
-60
-27
-60
-44
81
-27
43
-44
-60
11
11
-114
-60
152
-27
11
11
-27
-44
27
27
27
-60
-590
98
136
-60
27
27
152
-677
11
-114
27
27
11
11
27
-60
11
27
-44
-44
27
-44
11
-44
-44
98
-44
11
-44
-44
11
11
-27
-44
-27
27
27
11
11
27
-44
-27
-27
-27
-44
-44
-44
152
-114
98
81
27
-27
-60
-44
-114
-60
-6
27
11
-98
-98
81
27
11
98
98
81
11
-44
81
-114
81
27
-44
11
-27
-27
27
-44
11
-27
119
-44
-44
136
11
-44
81
27
11
-44
-114
-114
43
-44
-60
-60
27
11
81
11
-114
-82
27
-98
-60
27
27
-44
98
-98
-114
11
27
-44
-44
81
-114
11
65
81
81
-44
-44
27
11
-44
-44
27
27
27
81
98
27
27
-44
81
27
-44
98
27
-27
27
11
-114
-44
11
98
27
98
27
-114
27
11
-44
-44
11
98
27
-60
-98
81
81
-60
-44
-44
11
27
-114
11
-44
81
27
-44
-44
27
11
27
81
-44
-44
11
-44
98
-44
81
-27
27
212
81
-44
-44
-114
152
-44
27
-114
11
11
27
27
27
27
27
-44
-44
27
81
-44
27
11
11
81
11
27
-44
27
-44
43
-44
81
-44
27
-98
81
-44
27
-44
81
-114
43
-44
27
11
27
81
81
-44
-27
27
81
98
27
-60
27
-270
27
11
-60
11
-27
-44
-44
27
-44
-27
27
152
27
27
-44
-27
27
27
-44
11
27
-60
11
-114
11
11
11
-44
-98
27
-44
27
136
27
-44
81
11
-44
-44
11
98
-44
-27
-44
-60
-44
98
81
-27
81
27
11
-44
11
-114
-44
27
-44
27
-44
11
27
27
81
-44
-44
-114
11
-44
81
-44
27
-44
27
-114
-44
81
-44
11
-98
11
11
-114
11
27
-27
-27
-44
-44
11
-44
-44
81
81
27
81
27
-27
-44
-44
27
-44
-98
-114
27
27
81
27
11
27
-27
27
81
-44
27
81
11
-44
11
-44
27
-44
98
-27
-44
27
-98
11
27
98
-44
-44
-44
11
27
-44
27
11
-44
27
-44
11
-44
11
-27
-44
27
-44
-98
11
11
81
-44
81
-60
-44
-44
81
-44
-27
27
11
81
-44
27
11
-44
-98
81
-44
81
11
11
-44
27
-44
81
-44
-114
27
-44
27
-114
98
27
11
27
27
27
11
-27
-44
27
-60
11
-44
-44
11
81
-27
-44
27
-44
81
27
11
158
-114
-114
43
81
-60
-98
81
81
81
98
27
27
81
27
-27
98
27
-44
65
-44
-114
27
27
81
-44
27
11
-60
11
-114
27
-44
-44
27
11
27
-44
-44
-44
-114
11
81
27
11
-44
-98
98
-44
-44
27
-44
27
81
-60
152
27
11
27
27
-44
-44
-27
65
98
11
11
-98
11
98
-60
27
-44
27
81
11
27
-44
-44
27
-44
-44
27
-44
81
81
27
27
11
81
27
11
-98
27
27
-44
27
-44
-114
-27
27
11
-44
-98
-6
27
152
-98
-293
-1105
-1633
-2367
-3174
-3886
-4068
-4214
-4394
-4550
-4840
-4762
-4811
-4771
-4792
-2342
-2517
-2320
-2176
-2679
-2147
-2548
-2232
-2249
-2406
-2085
-2124
-1833
-2258
-1994
-1873
-1894
-1647
-1462
-2096
-1483
-1748
-1507
-1556
-1134
-1405
-1228
-1491
-951
-809
-731
-582
-559
-683
-921
-1114
-387
-348
-746
-756
-549
-85
-243
-218
-547
-682
-468
-694
-896
-206
-911
-925
-401
-140
-392
-1038
-667
-475
-379
-615
-337
-461
-895
-651
-734
-302
-561
-462
-617
-951
-828
-396
-903
-474
-548
-1079
-1134
-374
-868
-664
-871
-945
-820
-334
-540
-341
-429
-476
-684
-428
-544
-889
-944
-546
-421
-965
-742
-877
-987
-420
-918
-784
-698
-747
-767
-451
-688
-218
-213
-781
-687
-546
-634
-301
-347
-581
-413
-755
-750
-340
-866
-680
-385
-153
-434
-813
-734
-427
-667
-103
-421
-490
-74
-667
-791
-680
-846
-47
-430
-408
-244
-933
-622
-851
-777
-435
-144
-552
-483
-765
-502
-711
-292
-822
-495
-415
-721
-175
-439
-678
-658
-204
-278
-730
-596
-209
-679
-530
-630
-944
-903
-809
-160
-336
-693
-1043
-532
-579
-457
-892
-850
-407
-538
-884
-503
-401
-744
-907
-996
-713
-888
-483
-787
-662
-982
-1308
-1361
-578
-573
-940
-936
-564
-447
-473
-1054
-571
-721
-924
-1212
-1278
-1057
-974
-1186
-916
-982
-1039
-863
-1034
-1327
-1192
-1140
-1433
-1290
-1364
-1429
-1411
-1400
-1340
-1379
-1274
-1263
-1514
-1526
-1498
-1546
-1070
-1244
-1323
-1079
-872
-1100
-1551
-1390
-1267
-956
-1477
-1117
-1247
-1384
-1383
-1718
-1672
-1451
-1558
-1440
-1444
-1486
-1497
-1319
-1503
-1176
-1371
-1503
-1378
-1441
-1734
-1704
-1599
-1790
-1138
-1233
-1125
-1839
-1526
-1477
-1281
-1759
-1954
-1727
-1735
-1409
-1677
-1624
-1360
-2108
-1590
-1836
-1468
-1774
-1467
-1385
-1489
-1826
-1423
-1767
-1626
-1914
-2010
-2067
-1361
-1875
-1342
-2062
-1592
-2011
-1676
-1965
-1631
-1682
-1716
-1940
-1894
-1647
-2027
-1643
-1716
-2143
-2036
-1635
-2215
-2186
-2221
-2177
-1594
-1909
-1826
-1587
-2287
-1813
-1772
-2050
-1898
-1617
-1988
-2333
-2185
-2276
-2031
-2218
-1764
-1795
-1843
-2011
-2266
-2049
-2265
-2069
-1783
-1819
-2403
-1999
-2060
-2449
-1714
-2157
-2024
-2421
-1813
-1863
-1758
-2215
-2322
-2031
-1893
-1885
-1780
-1723
-2378
-2049
-2083
-2125
-1848
-1906
-2143
-2126
-2112
-1895
-2154
-1898
-1628
-2053
-1649
-2032
-1885
-1542
-2005
-1761
-2103
-2343
-1963
-1760
-1468
-1780
-1736
-1563
-2055
-1648
-1491
-1958
-1696
-1979
-1309
-1883
-1481
-2051
-1883
-1423
-2165
-1897
-1832
-1684
-1995
-1422
-1259
-1822
-1493
-1123
-1190
-1045
-1081
-891
-1391
-1312
-1416
-1145
-981
-686
-810
-674
-756
-622
-736
-1009
-1083
-1061
-675
-1087
-981
-489
-897
-734
-842
-831
-764
-350
-537
-897
-1064
-467
-541
-1007
-361
-849
-730
-805
-576
-1234
-1029
-492
-280
-649
-350
-664
-674
-593
-750
-501
-470
-462
-947
-911
-664
-294
-634
-879
-584
-919
-679
-1123
-290
-569
-564
-921
-413
-318
-632
-646
-930
-829
-595
-655
-684
-276
-696
-784
-228
-487
-707
-916
-969
-516
-455
-651
-584
-350
-931
-529
-518
-857
-918
-343
-411
-495
-484
-531
-485
-927
-796
-329
-334
-768
-520
-812
-914
-416
-316
-811
-435
-460
-600
-1094
-570
-610
-731
-312
-394
-629
-1059
-351
-263
-139
-516
-975
-224
-485
-636
-383
-750
-602
-575
-885
-582
-255
-758
-618
-261
-691
-794
-830
-1144
-307
-776
-640
-540
-240
-562
-557
-767
-455
-479
-688
-478
-243
-582
-539
-599
-982
-362
-605
-520
-304
-488
-571
-1007
-728
-446
-758
-264
-372
-508
-393
-594
-496
-288
-512
-444
-712
-791
-496
-867
-596
-742
-344
-850
-590
-805
-715
-369
-1040
-913
-713
-559
-689
-408
-559
-661
-567
-437
-491
-881
-668
-247
-641
-477
-723
-664
-518
-918
-413
-279
-895
-847
-630
-797
-294
-474
-592
-712
-352
-702
-355
-309
-694
-383
-717
-417
-816
-275
-923
-284
-369
-263
-425
-516
-610
-301
-374
-493
-622
-661
-829
-611
-163
-317
-615
-418
-660
-543
-725
-784
-1066
-228
-651
-544
-670
-545
-827
-738
-659
-1002
-237
-577
-535
-551
-365
-804
-879
-317
-802
-154
-569
-213
-1291
-481
-941
-167
-511
-304
-870
-727
-432
-609
-699
-837
-669
-760
-50
-465
-593
-142
-845
-592
-358
-446
-300
-279
-714
-60
-693
-440
-634
-382
-648
-236
-858
-564
-715
-848
-384
-330
-631
-687
-760
-510
-277
-557
-892
-643
-299
-535
-396
-776
-384
-622
-379
-421
-564
-158
-712
-456
-448
-860
-379
-758
-224
-336
-812
-309
-686
-276
-456
-316
-1029
-577
-616
-665
-188
-454
-775
-278
-369
-946
-405
-823
-634
-570
-870
-847
-291
-509
-639
-623
-436
-754
-359
-564
-299
-832
-694
-549
-682
-438
-558
-479
-872
-80
-477
-623
-720
-751
-960
-219
-644
-393
-652
-630
-169
-872
-687
-432
-482
-879
-433
-845
-350
-363
-344
-455
-295
-613
-224
-385
-448
-1075
-798
-615
-444
-494
-826
-483
-609
-375
-478
-251
-778
-186
-431
-301
-227
-431
-257
-858
-407
-338
-876
-372
-374
-484
-442
-576
14
-346
-557
-429
-232
-638
-306
-278
-620
-556
-480
-345
-516
-536
-507
-287
-789
-389
-398
-577
-605
-1029
-815
-515
-226
-374
-414
-528
-719
-230
-533
-382
-437
-456
-583
-293
-739
-241
-308
-383
-681
-566
-583
-290
-705
-187
-577
-505
-374
-820
-696
-184
-448
-445
-380
-181
-559
-297
-856
-842
-435
-835
-657
-788
-226
-426
-255
-448
-242
-361
-371
-123
-665
-671
-847
-473
-624
-983
-509
-922
-843
-336
-833
-518
-854
-521
-464
-258
-561
-160
-483
-269
-903
-470
-38
-468
-346
-409
-491
-474
-619
-510
-96
-684
-444
-99
-596
-767
-809
-432
-153
-670
-399
-475
-686
-194
-562
-422
-706
-489
-632
-866
-152
-777
99
-694
-732
-419
-527
-313
-627
-162
-533
-399
-189
-559
-181
-849
-392
-849
-329
-527
-619
-317
-493
-643
-321
-394
-313
-512
-289
-340
-369
-535
-589
-377
-720
-208
-455
-446
-169
-624
-486
-576
-1003
-677
-648
-345
-511
-191
-507
-806
-339
-590
-703
-805
-592
-140
-399
-360
-582
-367
-772
-495
-266
-551
-517
-606
-248
-711
-355
-283
-725
-209
-839
-470
-476
-219
-361
-428
-585
-788
-169
-577
-245
-627
-163
-294
-885
-51
-435
-168
-170
-818
-258
-980
-613
-465
-642
-248
-859
-684
-376
-756
-685
-178
-129
-782
-448
-591
-118
-193
-953
-641
-406
-346
-851
-513
-665
-645
-374
-858
-670
-753
-892
-225
-421
-510
-258
-849
-200
-206
-371
-475
-318
-47
-646
-407
-829
-613
-556
-500
-142
-521
-140
-487
-347
-434
-716
-319
-730
-527
-582
-549
-431
-594
-418
-243
-260
-346
-832
-822
-308
-540
-281
-169
-612
-452
-549
-461
-796
-247
-568
-546
-302
-352
-749
-152
-521
-647
-429
-577
-212
-535
-581
-447
-464
-258
-647
-111
-528
-486
-250
-482
31
-551
-656
-522
-639
-616
-268
-666
-571
-636
-597
-868
-827
-382
-526
-664
-800
-345
-471
-226
-917
-444
-543
-524
-862
-216
-521
-345
-132
-413
-625
-145
-643
-353
-927
-527
-435
-458
-472
-781
-157
-524
-234
-473
-683
-457
-739
-255
-456
-398
-178
-772
-369
-959
-715
-502
-460
-143
-742
-205
-693
-222
-540
-672
-484
-136
-430
-833
-383
-365
-406
-345
-368
-893
-314
-950
-739
-397
-390
-177
-653
-270
-907
-408
-605
-342
-756
-552
-224
-872
-381
-559
-455
-563
-694
-529
-625
-892
-581
-676
-331
-483
-575
-237
-748
-598
-667
-744
-325
-830
-758
-248
-502
-280
-423
-719
-640
40
-736
-729
-657
-690
-246
-630
17
-489
-436
-459
-585
-293
-96
-557
-145
-449
-280
-653
-590
-769
-279
-615
-239
-755
-420
-708
-796
-251
-498
-351
-230
-351
-252
-664
-335
-554
-615
-246
-827
-516
-773
-538
-246
-411
-962
-359
-541
-808
-517
-634
-219
-612
-35
-532
-713
-485
-175
-556
-100
-126
-120
-336
-620
-362
-537
-459
-371
-607
-651
-659
-437
-615
-608
-462
-591
-591
-769
-245
-389
-365
-170
-894
-669
-357
-585
-466
-709
-370
-515
-204
-579
-611
-301
-319
-849
-71
-407
-262
-129
-467
-55
-814
-223
-583
-158
-549
-561
-666
-990
-269
-797
-210
-636
-64
-220
-535
-210
-710
-436
-197
-590
-434
-744
-181
-521
-408
-701
-167
-615
-468
-398
-638
-900
-564
-331
-613
-422
-683
-664
-863
-653
-500
-490
-413
-455
-548
-497
-843
-291
-579
-725
-76
-295
-874
-380
-121
-828
-508
-763
-757
-318
-583
-387
-249
-675
-690
-557
-457
-792
-648
-722
-743
-479
-450
-869
-962
-221
-736
-328
-298
-713
-154
-593
-524
-775
-709
-233
-532
-25
-683
-397
-846
-608
-88
-684
-537
-734
-348
-281
-683
-662
-523
-755
-812
-814
-305
-746
-415
-780
-267
-555
-519
-301
-698
-287
-537
-265
-940
-371
-860
-10
-326
-353
-181
-1051
-410
-904
-699
-538
-444
-600
-419
-896
-478
-196
-722
-496
-400
-202
-421
-421
-469
-357
-616
-107
-538
-414
-742
-492
-601
-646
-176
-399
-801
-256
-577
-548
-226
-640
-370
-808
-262
-928
-444
-166
-736
-219
-273
-265
-770
-146
-319
-517
-216
-715
-434
-729
-756
-607
-641
-415
-109
-642
-232
-645
-594
-228
-439
-108
-479
-400
-834
-506
-358
-74
-590
-701
-459
-386
-625
-159
-813
-194
-471
-129
-805
-468
-531
-309
-637
-117
-739
-609
-466
-261
-581
-537
-738
-678
-575
-314
-321
-869
-686
-336
-586
-733
-467
-226
-415
-815
-293
-371
-223
-822
-259
-777
-511
-482
-851
-215
-701
-143
-565
-249
-446
-764
-739
-265
-518
-540
-471
-344
-826
-653
-590
-570
-443
-487
-721
-383
-976
-573
-201
-331
-822
-544
-978
-825
-310
-574
-606
-356
-506
-739
-474
-383
-846
-809
-365
-651
-439
-521
-829
-139
-655
-691
-199
-251
-165
-590
-439
-865
-278
-335
-795
-500
-835
-666
-504
-627
-595
-787
-560
-341
-451
-856
-494
-374
-1054
-658
-582
-757
-147
39
-520
-577
-256
-440
-847
-626
-509
-285
-317
-535
-474
-859
-355
-855
-641
-483
-606
-631
-642
-312
-651
-705
-485
-248
-392
-390
-117
-408
-772
-247
-627
-95
-605
-483
-255
-173
-388
-101
-662
-536
-754
-240
-368
-74
-658
-573
-497
-305
-764
-12
-881
-624
-499
-318
-557
-561
-82
-699
-895
-465
-678
-126
-731
-552
-607
-444
-339
-297
-481
-769
-158
-423
-363
-637
-877
-777
-717
-273
-611
-297
-433
-726
-357
-455
-103
-301
-971
-460
-946
-351
-346
-538
-190
-735
-371
-76
-483
-71
-432
-902
-521
-433
-440
-629
-384
-142
-302
-446
-304
-232
-630
-417
-742
-279
-754
-459
-151
-524
-242
-317
-729
-632
-195
-302
-929
-355
-66
-485
-206
-380
-797
-339
-250
-748
-154
-398
-373
-277
-603
-210
-291
-607
-446
-370
-622
-794
-339
-635
-239
-452
-107
-678
-410
-673
-339
-671
-669
-409
-807
-537
-611
-902
-268
-378
-912
-753
-629
-426
-389
-870
-614
-707
-348
-440
-64
-537
-532
-688
-340
-343
-298
-276
-451
-602
-280
-597
-576
-807
-792
-637
-475
-664
-403
-607
-118
-826
-270
-618
-290
-147
-548
-254
-389
-844
-245
-1013
-639
-588
-615
-374
-325
-168
-532
-595
-604
-375
-340
-661
-260
-802
-159
-303
-270
-452
40
-71
-497
-441
-268
-278
-251
-455
-402
-469
-240
-176
-466
-367
-772
-292
-639
-594
-759
-390
-638
-242
-751
-731
-284
-472
-113
-549
-333
-606
-643
-686
-517
-300
-696
-258
-319
-698
-247
-314
-391
-213
-862
-361
-709
-228
-401
-417
-115
-553
-66
-567
-1012
-198
-608
-544
-485
-880
-616
-454
-439
-557
-948
-310
-438
-108
-247
-767
-512
-598
-291
-168
-590
-590
-598
-53
-527
-473
-417
-617
-481
-724
-206
-554
-815
-232
-696
-530
-681
-402
-27
-659
-474
-875
-459
-483
-551
-266
-519
-408
-564
-831
-606
-638
-398
-475
-278
-816
-418
-321
-598
-449
-653
-622
-421
-789
-464
-490
-635
-222
-455
-221
-446
-252
-919
-905
-675
-144
-490
-406
-346
-1014
-52
-858
-463
-242
-618
-235
-769
-620
-628
-662
-518
-506
-407
-735
-269
-669
-219
-230
-404
-549
-708
-672
-782
-721
-153
-453
-312
-384
-346
-776
-498
-588
-754
-499
-663
-834
-233
-660
-524
-544
-547
-222
-736
-247
-385
-358
-90
-282
-484
-712
-417
-854
-486
-222
-472
-171
-266
-290
-556
-657
-817
-817
-75
-483
-617
-226
-730
-692
-423
-147
-430
-493
-318
-874
-336
-705
-561
-280
-571
-563
-495
-657
-368
-288
-663
-340
-719
-418
-809
-378
-600
-254
-447
-354
-710
-752
-195
-508
-271
-600
-273
-770
-486
-171
-44
-652
-482
-823
-302
-673
-33
-547
-441
-911
-525
-787
-83
-440
-246
-238
-939
-296
-713
-360
-715
-217
-473
-752
-876
-422
-741
-173
-553
-92
-667
-747
-346
-611
29
-476
-467
-623
-653
-380
-683
-578
15
-772
-759
-933
-416
-447
-330
-747
-310
-812
-215
-372
-444
-340
-117
-709
-601
-398
-356
-443
-482
-931
-389
-829
-496
-259
-740
-512
-528
-263
-553
-535
-409
-350
-548
-722
-996
-622
-499
-531
-502
-682
-464
-218
-364
-555
-460
-578
-188
-507
-301
-733
-190
-588
-139
-537
-131
-606
-396
-613
8
-549
-914
-495
-521
-432
-542
-201
-682
-601
-808
-788
-196
-235
-846
-368
-223
-521
-816
-548
-542
-510
-517
-197
-439
-662
-570
-39
-702
-598
-725
-890
-568
-151
-735
-560
-741
-874
-341
-661
-671
-282
-648
-453
-731
-540
-563
-377
-672
-272
-483
-802
-388
-738
-171
-212
-608
-212
-532
-943
-736
-1188
-853
-380
-559
-710
-512
-550
-1030
-369
-616
-326
-479
-693
-285
-902
-726
-402
-466
-871
-491
-311
-691
-779
-966
-281
-322
-418
-587
-315
-914
-533
-331
-574
-425
-584
-642
-68
-579
-712
-372
-955
-413
-707
-340
-670
-405
-519
-805
-348
-543
-681
-184
-685
-561
-636
-608
-318
-607
-593
-235
-622
-694
-378
-547
-292
-598
-288
-1015
-373
-1000
-868
-241
-604
-242
-121
-528
-561
-919
-896
-406
-538
-242
-791
-573
-665
-302
-751
-494
-841
-375
-669
-280
-556
-547
-851
-575
-623
-100
-211
-746
-293
-825
-867
-203
-586
-716
-519
-656
-340
-268
-610
-473
-183
-595
-407
-937
-545
-1046
-585
-583
-214
-283
-465
-485
-1034
-356
-863
-322
-239
-451
-65
-614
-200
-930
-526
-315
-564
-521
-523
-651
-765
-465
-906
-739
-626
-910
-426
-719
-841
-481
-889
-236
-819
-551
-601
-599
-471
-579
-468
-842
-316
-377
-790
-207
-647
-813
-729
-297
-579
-158
-878
-744
-885
-890
-366
-461
-469
-449
-480
-220
-462
-261
-746
-460
-829
-816
-245
-554
-360
-399
-341
-521
-111
-324
-776
-352
-619
-351
-639
-415
-371
-662
-170
-590
-282
-201
-709
-359
-467
-559
-339
-517
-426
-813
-252
-638
-484
-845
-727
-160
-947
-717
-688
-67
-410
-405
-399
-273
-401
-665
-533
-718
-630
-662
-405
-296
-687
-961
-385
-840
-314
-426
-846
-292
-227
-204
-584
-408
-768
-206
-641
-432
-470
-669
-103
-731
-617
-570
-623
-285
-554
-938
-555
-298
-457
-410
-789
-779
-381
-638
-288
-586
-901
-395
-343
-600
-322
-588
-650
-612
-695
-286
-562
-660
-819
-898
-592
-394
-518
-766
-958
-286
-498
-616
-292
-574
-484
-1001
-238
-690
-462
-383
-713
-223
-655
-551
-704
-753
-331
-729
-317
-591
-760
-526
-267
-774
-557
-206
-685
-847
-233
-536
-622
-466
-694
-299
-162
-778
-430
-414
-499
-486
-490
-176
-701
-147
-613
-283
-156
-613
-859
-364
-643
-526
-918
-453
-551
-546
-613
-159
-780
-457
-376
-655
-306
-278
-840
-397
-570
-176
-717
-529
-557
-292
-881
-197
-462
-262
-554
-262
-455
-846
-435
-390
-393
-490
-799
-464
-922
-291
-319
-590
-403
-133
-606
-566
-734
-233
-232
-346
-470
-558
-616
-472
-500
-457
-275
-310
-477
-528
-645
-349
-279
-535
-334
-230
-182
-477
-331
-481
-520
-797
-134
-415
-403
-826
-457
-693
-637
-794
-421
-948
-717
-437
-813
-343
-880
-782
-376
-52
-588
-722
-470
-406
-768
-836
-662
-632
-472
-621
-907
-772
-359
-662
-291
-540
-122
-751
-457
-295
-388
-288
-410
-338
-355
-623
-629
-136
-647
-525
-910
-976
-794
-682
-302
-743
-578
-425
-361
-209
-532
-328
-867
-798
-271
-297
-292
-632
-596
-544
-777
-338
-301
-157
-301
-505
-369
-739
-201
-612
-933
-476
-796
-126
-667
-361
-771
-633
-535
-583
-58
-744
-783
-583
-665
-689
-342
-691
-319
-540
-711
-551
-931
-681
-484
-517
-685
-525
-809
-293
-554
-276
-829
-552
-512
-665
-353
-406
-139
-518
-663
-290
-187
-623
-590
-394
-567
-749
-755
-124
-460
-369
-840
-117
-504
-393
-629
-387
-219
-587
-602
-221
-409
-169
-757
-536
-791
-424
-229
-288
-461
-374
-314
-381
-521
-293
-913
-503
-612
-593
-519
-654
-282
-225
-215
-338
-173
-167
-501
-414
-204
-427
-433
-624
-397
-530
-220
-224
-372
-433
-169
-406
-413
-736
-626
-609
-725
-219
-364
-870
-429
-646
-306
-511
-679
-727
-228
-319
-198
-300
-524
-897
-272
-225
-418
-185
-632
-547
-316
-253
-436
-746
-728
-737
-773
-165
-569
-186
-362
-882
-340
-874
-448
-790
-420
-689
-303
-523
-477
-376
-696
-241
-292
-424
-154
-417
-760
-338
-821
-246
-578
-243
-511
-232
-957
-352
-814
-463
-89
-802
-308
-528
-458
-305
-172
-404
-242
-374
-842
-463
-295
-283
-423
-68
-682
-176
-232
-788
-261
-655
-238
-159
-574
-346
-567
-419
-738
-197
-464
-231
-204
-491
-620
-628
-483
-607
-233
-543
-645
-439
-771
-167
-699
-679
-162
-458
-912
-853
-270
-551
-859
-454
-638
-301
-528
-414
-726
-445
-277
-570
-583
-280
-840
-254
-590
-867
-509
-643
-56
-352
-589
-674
-872
-215
-748
-733
-184
-81
-582
-360
-533
-670
-345
-568
-237
-756
-246
-611
-274
-337
-748
-649
-631
-498
-861
-304
-850
-230
-244
-357
-572
-525
-470
-627
-329
-613
-370
-651
-150
-565
-191
-675
-543
-807
-852
-338
-449
-900
-218
-669
-438
-764
-526
-395
-138
-809
-151
-560
-459
-712
-344
-584
-280
-644
-435
-214
-575
-680
-500
-107
-188
-530
-764
-424
-554
-141
-286
-628
-188
-935
-303
-969
-790
-567
-850
-643
-156
-894
-419
-691
-661
-685
-658
-654
-503
-363
-683
-623
-619
-377
-568
-374
-792
-207
-664
-594
-403
-580
-682
-725
-514
-660
-450
-143
-604
-524
-195
-661
-952
-633
-1120
-221
-582
-357
-141
-523
-111
-269
-125
-846
-472
-644
-508
-49
-420
-599
-751
-308
-798
-126
-443
-250
-365
-783
-456
-864
-615
-389
-249
-483
-424
-786
-346
-591
-280
-328
-549
-252
-345
-654
-534
-731
-87
-649
-601
-696
-797
58
-521
-660
-401
-666
-292
-730
-521
-215
-497
-315
-709
-517
-962
-464
-709
-649
-211
-447
-227
-134
-615
-300
-955
-588
-230
-441
-419
-276
-427
-705
-282
-325
-337
-167
-388
-625
-168
-825
-494
-708
-291
-682
-473
-400
-624
-190
-590
-507
-301
-428
-550
-700
-656
-437
-45
-572
-320
-682
-356
-54
-230
-967
-475
-431
-507
-655
-458
-879
-871
-408
-635
-846
-591
-686
-593
-544
-418
-468
-694
-126
-630
-325
-967
-389
-327
-143
-509
-153
-541
-234
-141
-592
-298
-409
-340
-828
-319
-622
-458
-414
-840
-396
-867
-311
-264
-42
-383
-915
-434
-803
-98
-671
-348
-630
-630
-487
-260
-431
-455
-255
-247
-583
-203
-534
-404
-375
-597
-723
-878
-299
-885
-352
-477
-363
-335
-235
-384
-797
-273
-585
-423
-662
-595
-267
-737
-90
-238
18
-630
-822
-549
-719
-628
-522
-302
-229
-648
-231
-666
-549
-634
-720
-510
-291
-679
-288
-498
-293
-612
-866
-860
-295
-517
-242
-336
-824
-228
-539
-245
-246
-705
-495
-415
-104
-653
-882
-444
-603
-457
-356
-489
-486
-621
-496
-868
-884
-263
-342
-302
-423
-127
-786
-145
-289
-577
-357
-362
-571
-498
-621
-828
-376
-470
-315
-520
-374
-675
-140
-733
-233
-606
-479
-652
-386
-298
-180
-554
-156
-864
-418
-405
-392
-928
-307
-704
-399
-321
-652
-658
-300
-383
-356
-65
-602
-71
-527
-465
-562
-277
-216
-290
-640
-724
-741
-417
-220
-413
-96
-686
-833
-691
-962
-218
-624
-665
-242
-481
-319
-920
-315
-931
-228
-300
-65
-183
-257
-201
-616
-475
-213
-635
-767
-230
-452
-22
-315
-711
-224
-620
-397
-789
-790
-446
-657
-348
-791
-261
-692
-566
-379
-483
-99
-642
-497
-429
-345
75
-479
-675
-233
-589
-14
-609
-552
-321
-27
-695
-655
-739
-834
-316
-655
-25
-390
-146
-851
-275
-346
-242
-659
-500
-647
-542
-192
-622
-719
-960
-428
-648
-731
-500
-142
-549
-227
-308
-313
-258
-381
-71
-636
-210
-745
-386
-508
-720
-241
-536
-720
-391
-170
-871
-466
-454
-878
-300
-717
-650
-456
-146
-344
-786
-445
-1070
-700
-347
-284
-987
-740
-1013
-329
-997
-422
-375
-839
-298
-370
-297
-252
-548
-820
-163
-492
-362
-546
-345
-659
-625
-158
-500
-385
-1053
-456
-560
-182
-814
-568
-760
-343
-577
-450
-413
-188
-651
-599
-814
-786
-267
-531
-641
-320
-171
-379
-612
-324
-901
-605
-576
-715
-155
-445
-280
-447
-671
-448
-635
-595
-269
-754
-596
-762
-218
-479
-587
-237
-219
-179
-376
-515
-691
-643
-692
-290
-514
-648
-868
-627
-774
-452
-546
-210
-346
-380
-24
-807
-564
-674
-441
-147
-392
-609
-72
-703
-546
-859
-794
-316
-538
-485
-226
-384
-904
-319
-444
-122
-743
-274
-295
-356
-651
4
-869
-471
-742
-103
-674
-611
-397
-651
-316
-547
-603
-939
-508
-241
-668
-292
-815
-258
-1111
-539
-662
-460
-645
-606
-739
-527
-242
-515
-183
-838
-605
-408
-985
-235
-737
-455
-109
-437
-260
-347
-99
-228
-580
-251
-689
-427
-667
-476
-504
-585
-561
-852
-421
-409
-766
-600
-234
-762
-783
-402
-356
-790
-282
-655
-526
-499
-694
-382
-699
-564
-354
-553
-278
-619
-110
-208
-281
-230
-550
-275
-796
-516
-564
-299
-576
-388
-883
-566
-98
-799
-445
-405
-467
-765
-486
-602
-299
-162
-446
-196
-511
-166
-672
-251
-699
-441
-531
-592
-497
-418
-670
-411
-566
-480
-450
-651
-556
-296
-233
-317
-617
-594
-251
-597
-346
-829
-597
-550
-445
-101
-964
-688
-749
-231
-617
-115
-792
-346
-613
-150
-188
-160
-771
-793
-512
-372
-1000
-680
-162
-487
-479
-954
-603
-299
-560
-1009
-490
-609
-697
-611
-722
-298
-623
-703
-601
-711
-616
-609
-717
-505
-832
-568
-319
-662
-511
-678
-829
-508
-946
-526
-279
-712
-609
-536
-748
-609
-412
-540
-610
-515
-1026
-345
-1015
-489
-355
-604
-773
-704
-620
-361
-412
-1042
-895
-628
-646
-306
-988
-750
-825
-636
-336
-606
-884
-589
-476
-655
-638
-415
-837
-516
-293
-640
-515
-331
-549
-642
-700
-660
-574
-896
-399
-891
-365
-545
-603
-627
-360
-568
-565
-675
-545
-446
-411
-309
-428
-377
-346
-803
-511
-755
-410
-533
13
-192
-532
-148
-759
-536
-688
-267
-672
-409
-733
-243
-615
-349
-897
-752
-623
-155
-485
-805
-648
-66
-501
-759
-319
-540
-240
-725
-386
-616
-613
-306
-530
-399
-546
-859
-311
-608
-184
-730
-446
-787
-702
-627
-269
-471
-519
-185
-515
-341
-557
-957
-378
-122
-412
-149
-453
-278
-450
-652
-454
-511
-279
-826
-499
-234
-690
-484
-239
-814
-547
-261
-803
-256
-935
-271
-539
-367
-340
-875
-163
-753
-655
-440
-597
-283
-673
-210
-672
-618
-196
-568
-628
-397
-296
-199
-640
-435
-408
-587
-424
-342
-657
-296
-574
-366
-123
-871
-755
-546
-439
-429
-601
-749
-349
-454
-391
-20
-575
-657
-740
-464
-314
-463
-557
-77
-569
-538
-844
-611
-402
-371
-439
-915
-591
-237
-325
-705
-235
-36
-561
-408
-502
-215
-745
-589
-973
-665
-517
-328
-200
-447
-193
-573
-808
-462
-625
-257
-693
-548
-761
-590
-167
-588
-215
-301
-651
-806
-790
-618
-381
-401
-788
-129
-650
-422
-445
-614
-731
-414
-832
-81
-550
-467
-274
-1014
-393
-896
-444
-313
-880
-652
-517
-378
-294
-67
-520
-345
-634
-499
-427
-99
-722
-546
-543
-630
-381
-638
-540
-904
-362
-645
-215
-350
-241
-409
-528
-521
-482
-540
-278
-830
-911
-863
-245
-213
-635
-727
-145
-670
-983
-393
-604
-787
-929
-304
-750
-652
-230
-278
-349
-711
-21
-140
-866
-551
-522
-508
-651
-292
-454
-335
-158
-588
-201
-644
-549
-831
-619
-406
-352
-670
-244
-706
-520
-447
-717
-234
-522
-690
-279
-194
-387
-447
-873
-355
-798
-360
-437
-33
-282
4
-731
-573
-518
-615
-360
-693
-815
-753
-570
-350
-187
-847
-454
-513
-216
-550
-494
-626
-914
-456
-383
-567
-1068
-506
-865
-965
-785
-714
-419
-421
-862
-794
-378
-556
-853
-391
-714
-543
-434
-559
-598
-941
-315
-667
-688
-473
-699
-951
-356
-870
-1022
-684
-466
-1074
-837
-538
-868
-400
-671
-905
-323
-994
-613
-654
-367
-559
-1000
-175
-526
-794
-660
-686
-567
-473
-503
-147
-74
-777
-596
-493
-947
-479
-476
-521
-455
-596
-516
-596
-209
-350
-223
-864
-582
-759
-447
-113
-898
-50
-579
-228
-592
-306
-446
-349
-437
-636
-288
-463
-302
-730
-286
-773
-98
-612
-787
-636
-132
-458
-907
-428
-764
-245
-667
-354
-636
-588
-543
-944
-289
-749
-580
-473
-231
-829
-283
-678
-189
-610
-622
-628
-496
-190
-335
-698
-259
-636
-368
-339
-771
-301
-656
-240
-216
-695
-358
-920
-466
-482
-392
-368
-808
-440
-515
-370
-186
-491
-107
-250
-767
-657
-518
-641
-207
-463
-345
-585
-978
-521
-1016
-150
-425
-482
-1082
-770
-435
-682
-634
-612
-230
-445
-323
-431
-64
-493
-309
-823
-280
-610
-50
-699
-726
-766
-276
-476
-179
-655
-577
-657
-728
-412
-331
-440
-744
-280
-985
-121
-74
-350
-370
-169
-840
-952
-711
-444
-639
-750
-389
-408
-610
-392
-757
-368
-519
-414
-605
-760
-265
-944
-175
-578
-185
-223
-643
-850
-505
-499
-652
-688
-301
-683
-599
-422
-706
-606
-635
-697
-349
-394
-782
-151
-415
-913
-216
-629
-563
-518
-203
-253
-283
-900
-425
-1032
-288
-691
-654
-314
-471
-599
-593
-713
-429
-738
-313
-473
-681
-269
-688
-155
-276
-182
-443
-899
-390
-309
-362
-656
-272
-177
-475
-147
-490
-634
-389
-379
-323
-586
-397
-648
35
-359
-704
-183
-856
-712
-380
-317
-458
-231
-318
-893
-553
-140
-562
-325
-566
-272
-658
-154
-619
-417
-850
-355
-413
-776
-334
-767
-533
-358
-513
-475
-509
-601
-365
-718
-85
-846
-241
-732
-450
-632
-422
-928
-622
-361
-718
-766
-342
-411
-722
-234
-585
-372
-345
-480
-807
-300
-245
-744
-496
-156
-680
-469
-411
-503
-276
-629
-338
-519
-839
-706
-374
-498
-500
-349
-794
-890
-441
-500
-846
-1118
-767
-389
-618
-448
-551
-503
-532
-275
-251
-804
-292
-848
-636
-244
-358
-889
-536
-679
-619
-804
-597
-689
-619
-304
-377
-519
-890
-334
-574
-692
-477
-359
-910
-350
-390
-732
-571
-328
-219
-292
-58
-584
-485
-773
-766
-17
-419
-370
-415
-880
-480
-376
-610
-185
-827
-876
-843
-340
-231
-111
-555
-766
-627
-541
-291
-798
-253
-269
-499
-345
-69
-566
-321
-129
-1012
-533
-678
-495
-682
-895
-637
-453
-418
-658
-310
-538
-966
-424
-862
-306
-856
-514
-156
-787
-806
-624
-476
-743
-896
-743
-306
-412
-616
-622
-873
-313
-582
-387
-283
-585
-607
-577
-415
-725
-595
-225
-664
-927
-418
-330
-597
-418
-749
-516
-570
-656
-268
-643
-349
-324
-635
-449
-292
-588
-701
-731
-357
-499
-454
-725
-338
-763
-633
-410
-669
-82
-338
-598
-191
-829
-665
-584
-485
-829
-363
-486
-382
-457
-781
-152
-147
-626
-984
-682
-709
-224
-246
-598
-374
-482
-732
-279
-419
-545
-823
-618
-450
-686
-448
-645
-266
-387
-611
-401
-274
-386
-772
-188
-347
-630
-251
-608
-421
-289
-590
-507
-644
-152
-587
-217
-1177
-307
-736
-878
-295
-683
-686
-653
-378
-764
-788
-768
-401
-768
-267
-607
-397
-223
-912
-127
-386
-460
-404
-566
-759
-460
-599
-208
-490
-220
-359
-372
-980
-715
-239
-543
-766
-824
-634
-445
-583
-378
-614
-551
-825
-382
-566
-454
-592
-269
-700
-317
-615
-264
-649
-701
-540
-546
-610
-627
-934
-418
-628
-574
-283
-517
-354
-711
-704
-310
-722
-544
-700
-512
-150
-373
-634
-233
-584
-555
-1028
-495
-828
-219
-604
-563
-451
-299
-748
-528
-446
-876
-492
-564
-679
-543
-519
-415
-406
-495
-491
-346
-278
-623
-136
-563
-519
-815
-689
-594
-724
-533
-499
-826
-337
-704
-592
-232
-679
-268
-464
-500
-76
-686
-239
-167
-566
-789
-898
-413
-915
-545
-250
-337
-494
-544
-275
-364
-216
-383
-602
-686
-232
-706
-158
-458
-683
-300
-946
-591
-565
-432
-943
-219
-546
-428
-84
-191
-493
-690
-358
-168
-695
-383
-540
-441
-106
-519
-784
-922
-267
-591
-288
-141
-311
-132
-534
-1119
-936
-375
-439
-403
-106
-704
-1057
-666
-385
-729
-609
-489
-680
-709
-382
-503
-772
-484
-296
-595
-547
-628
-959
-400
-535
-685
-813
-713
-443
-779
-637
-562
-601
-401
-737
-219
-557
-355
-596
-810
-901
-491
-538
-298
-394
-810
-936
-277
-368
-628
-355
-380
-470
-164
-465
-425
-416
-725
-322
-705
-336
-421
-556
-910
-869
-287
-632
-477
-118
-934
-475
-596
-499
-487
-247
-438
-902
-378
-809
-654
-133
-698
-297
-330
-206
-576
-696
-733
-359
-544
-147
-556
-830
-524
-308
-307
-606
-428
-684
-718
-502
-800
-264
-696
-629
-549
-419
-531
-587
-863
-319
-478
-1044
-466
-1031
-640
-423
-749
-888
-1020
-888
-213
-547
-222
-562
-298
-331
-857
-839
-457
-291
-570
-545
-837
-651
-398
-718
-787
-313
-793
-709
-964
-482
-345
-617
-715
-310
-372
-559
-455
-1054
-710
-361
-705
-420
-884
-809
-635
-692
-215
-563
-567
-599
-458
-1051
-763
-243
-657
-422
-789
-657
-429
-897
-731
-175
-661
-1062
-721
-712
-531
-778
-136
-808
-502
-1006
-716
-313
-497
-1000
-597
-548
-214
-679
-846
-723
-757
-346
-299
-694
-669
-651
-185
-614
-685
-351
-779
-918
-497
-466
-203
-933
-495
-890
-706
-366
-385
-721
-482
-486
-336
-649
-397
-252
-985
-266
-871
-758
-699
-357
-322
-992
-978
-555
-296
-275
-840
-334
-1022
-753
-390
-782
-590
-940
-1038
-699
-902
-694
-421
-357
-460
-1001
-684
-675
-671
-292
-1087
-744
-351
-660
-740
-776
-192
-654
-583
-403
-539
-229
-362
-536
-739
-349
-811
-403
-331
-609
-290
-812
-592
-747
-471
-1082
-360
-711
-274
-349
-956
-756
-611
-419
-562
-416
-428
-762
-497
-858
-612
-947
-858
-709
-745
-730
-537
-876
-550
-645
-603
-221
-470
-815
-658
-631
-306
-383
-570
-399
-758
-592
-364
-993
-507
-652
-279
-612
-723
-281
-743
-564
-672
-768
-445
-738
-546
-299
-745
-381
-391
-751
-372
-389
-588
-533
-338
-651
-577
-906
-944
-771
-865
-406
-305
-687
-916
-369
-561
-562
-550
-875
-852
-631
-485
-534
-552
-670
-808
-542
-438
-769
-798
-377
-750
-1100
-228
-651
-271
-540
-761
-468
-563
-757
-564
-732
-516
-604
-359
-915
-628
-1035
-702
-417
-824
-340
-918
-448
-254
-893
-679
-552
-358
-295
-982
-894
-946
-353
-798
-548
-567
-482
-766
-704
-609
-626
-493
-903
-794
-494
-810
-876
-526
-560
-283
-772
-890
-694
-292
-148
-609
-897
-1004
-527
-561
-687
-233
-666
-1093
-963
-669
-271
-637
-330
-1074
-792
-390
-950
-343
-485
-645
-526
-226
-679
-715
-861
-311
-361
-344
-305
-622
-833
-219
-849
-1088
-218
-956
-917
-525
-534
-577
-987
-650
-489
-601
-725
-232
-708
-1019
-577
-1195
-351
-572
-849
-367
-794
-669
-617
-494
-957
-953
-251
-426
-663
-729
-926
-501
-358
-542
-942
-352
-427
31
-788
-1048
-561
-718
-552
-626
-608
-139
-649
-533
-809
-949
-293
-431
-445
-325
-841
-207
-557
-636
-357
-854
-246
-671
-293
-800
-491
-691
-431
-416
-506
-479
-756
-463
-675
-494
-181
-554
-942
-348
-937
-784
-473
-735
-494
-231
-393
-817
-661
-580
-312
-1021
-594
-667
-430
-732
-674
-572
-950
-392
-726
-930
-632
-705
-664
-372
-389
-754
-515
-590
-454
-566
-1082
-699
-290
-1076
-465
-708
-632
-845
-846
-487
-859
-186
-805
-519
-676
-421
-347
-601
-665
-415
-845
-260
-952
-355
-256
-558
-483
-300
-714
-299
-573
-962
-425
-411
-681
-1028
100
-621
-1011
-1102
-347
-757
-822
-693
-432
-624
-994
-361
-811
-686
-545
-810
-253
-680
-449
-1032
-796
-628
-535
-537
-746
-581
-883
-784
-649
-472
-559
-580
-368
-484
-1036
-716
-324
-717
-759
-328
-1108
-617
-936
-350
-416
-445
-914
-686
-1002
-707
-490
-519
-265
-525
-648
-650
-667
-275
-269
-739
-114
-926
-270
-654
-744
-626
-660
-127
-720
-362
-326
-976
-819
-252
-590
-539
-1018
-401
-801
-1029
-992
-413
-740
-672
-430
-712
-552
-1141
-421
-553
-425
-1210
-619
-813
-931
-664
-201
-317
-895
-993
-155
-235
-374
-1026
-533
-448
-897
-802
-431
-733
-529
-167
-559
-918
-465
-588
-659
-752
-820
-557
-395
-915
-557
-454
-404
-809
-867
-419
-595
-548
-965
-805
-482
-795
-688
-704
-352
-714
-471
-605
-168
-495
-908
-772
-338
-582
-517
-625
-667
-634
-617
-640
-728
-321
-528
-761
-647
-942
-292
-464
-755
-578
-417
-780
-709
-194
-442
-737
-592
-603
-731
-823
-437
-495
-428
-350
-1136
-1237
-757
-594
-557
-627
-1032
-840
-488
-632
-710
-564
-206
-720
-692
-785
-709
-357
-372
-564
-788
-338
-895
-661
-714
-806
-150
-1024
-765
-851
-337
-787
-738
-472
-876
-690
-569
-785
-886
-459
-299
-591
-330
-765
-507
-626
-630
-363
-948
-617
-413
-585
-926
-507
-650
-358
-436
-616
-841
-835
-542
-557
-872
-786
-461
-983
-1099
-483
-326
-697
-1108
-1001
-937
-432
-688
-573
-669
-711
-700
-369
-261
-874
-357
-344
-396
-724
-380
-230
-793
-669
-351
-902
-982
-341
-317
-455
-1001
-838
-375
-423
-363
-970
-357
-841
-734
-419
-607
-953
-536
-706
-427
-755
-427
-516
-799
-577
-480
-460
-844
-371
-569
-559
-548
-581
-864
-413
-592
-472
-936
-700
-635
-667
-967
-399
-577
-862
-523
-781
-798
-1099
-796
-356
-421
-762
-316
-415
-1090
-780
-986
-438
-498
-747
-874
-496
-660
-488
-949
-726
-982
-418
-1005
-1115
-464
-921
-657
-732
-481
-823
-796
-350
-703
-579
-777
-264
-828
-662
-1017
-185
-601
-1075
-466
-561
-992
-793
-384
-667
-476
-356
-756
-718
-363
-1000
-788
-595
-491
-674
-336
-684
-435
-751
-591
-1054
-257
-770
-1064
-335
-507
-675
-1058
-405
-502
-803
-432
-826
-532
-524
-815
-368
-277
-610
-465
-840
-993
-805
-525
-592
-998
-773
-511
-775
-562
-853
-932
-653
-970
-461
-464
-917
-827
-953
-567
-544
-635
-851
-461
-347
-665
-586
-661
-974
-680
-1103
-578
-833
-528
-587
-478
-811
-643
-552
-805
-913
-673
-553
-498
-440
-372
-981
-467
-891
-367
-546
-466
-417
-879
-334
-291
-768
-1118
-470
-335
-959
-871
-423
-669
-970
-517
-412
-454
-968
-1000
-858
-543
-722
-806
-726
-656
-557
-750
-1132
-602
-578
-520
-211
-451
-795
-787
-510
-988
-1028
-487
-253
-488
-529
-955
-964
-301
-698
-312
-578
-589
-593
-998
-680
-347
-883
-870
-893
-713
-1088
-1012
-833
-576
-827
-336
-156
-778
-684
-565
-552
-845
-991
-951
-445
-858
-488
-358
-331
-400
-1120
-565
-718
-487
-650
-838
-591
-545
-716
-412
-879
-790
-581
-781
-303
-487
-869
-664
-272
-588
-471
-914
-842
-354
-668
-261
-579
-735
-534
-412
-768
-466
-915
-507
-750
-697
-737
-214
-641
-666
-336
-788
-889
-659
-435
-1072
-1029
-483
-323
-607
-815
-892
-881
-299
-542
-877
-603
-461
-726
-506
-1013
-839
-582
-274
-781
-440
-963
-1098
-457
-262
-750
-598
-474
-596
-774
-512
-342
-703
-637
-354
-704
-563
-736
-455
-685
-337
-536
-289
-780
-988
-383
-771
-299
-792
-540
-379
-1003
-1002
-417
-302
-626
-373
-470
-366
-625
-962
-498
-850
-636
-567
-1154
-933
-525
-686
-345
-535
-1155
-796
-512
-1051
-777
-296
-392
-488
-510
-306
-841
-941
-283
-258
-175
-622
-416
-978
-930
-497
-650
-429
-988
-671
-543
-964
-951
-398
-1000
-188
-470
-1051
-539
-906
-947
-224
-361
-546
-450
-1011
-837
-317
-354
-761
-448
-993
-338
-636
-1185
-784
-251
-495
-979
-618
-551
-924
-437
-812
-453
-868
-1036
-773
-905
-491
-470
-363
-692
-371
-843
-452
-864
-619
-626
-786
-435
-262
-900
-847
-673
-242
-495
-1024
-623
-632
-569
-646
-280
-776
-773
-295
-473
-654
-598
-473
-1202
-702
-784
-360
-749
-949
-666
-1125
-588
-642
-686
-579
-379
-340
-832
-471
-931
-657
-732
-326
-829
-1067
-559
-641
-694
-577
-224
-621
-1074
-565
-747
-1003
-660
-500
-752
-609
-280
-820
-902
-547
-929
-849
-379
-816
-342
-643
-570
-419
-872
-523
-471
-672
-482
-458
-581
-232
-704
-372
-987
-668
-376
-395
-590
-627
-1001
-420
-555
-364
-652
-693
-722
-486
-272
-968
-501
-376
-850
-932
-343
-937
-594
-1050
-931
-643
-332
-168
-734
-948
-410
-618
-645
-396
-511
-1026
-512
-521
-1072
-846
-440
-649
-479
-511
-747
-714
-794
-703
-680
-493
-351
-777
-959
-428
-791
-1000
-656
-578
-781
-595
-730
-1164
-596
-547
-914
-760
-647
-833
-502
-525
-828
-624
-293
-554
-1007
-534
-738
-982
-578
-601
-552
-489
-490
-608
-659
-439
-729
-795
-1013
-465
-815
-655
-649
-1005
-337
-311
-669
-682
-947
-728
-666
-416
-550
-912
-503
-863
-734
-469
-252
-613
-362
-340
-399
-110
-609
-955
-508
-527
-787
-269
-680
-529
-709
-422
-632
-298
-881
-396
-890
-807
-413
-699
-562
-569
-847
-832
-578
-879
-790
-560
-647
-766
-390
-518
-853
-381
-557
-710
-782
-173
-911
-655
-824
-384
-438
-663
-418
-440
-982
-673
-474
-818
-927
-346
-388
-847
-691
-389
-735
-901
-588
-783
-515
-772
-478
-985
-537
-658
-450
-626
-322
-952
-496
-622
-831
-769
-295
-602
-818
-286
-665
-978
-578
-538
-818
-861
-398
-1046
-571
-588
-556
-694
-728
-495
-460
-984
-964
-413
-628
-833
-672
-444
-587
-669
-646
-971
-1095
-443
-862
-735
-479
-854
-558
-440
-381
-702
-811
-1110
-548
-787
-681
-283
-576
-774
-619
-626
-745
-457
-474
-771
-945
-421
-421
-841
-712
-294
-440
-837
-469
-705
-497
-562
-631
-1021
-677
-359
-788
-812
-332
-443
-1153
-808
-487
-992
-890
-459
-744
-492
-718
-600
-605
-662
-449
-743
-834
-241
-393
-815
-770
-608
-417
-1039
-996
-431
-784
-348
-1172
-510
-621
-1076
-829
-573
-862
-241
-855
-1055
-799
-358
-650
-889
-659
-294
-1070
-906
-420
-586
-231
-786
-391
-356
-506
-540
-413
-1094
-789
-524
-723
-935
-380
-412
-765
-444
-942
-615
-532
-858
-759
-682
-412
-440
-915
-653
-302
-621
-1023
-647
-1000
-828
-674
-237
-609
-525
-399
-669
-629
-485
-939
-729
-364
-521
-831
-815
-497
-458
-565
-821
-911
-422
-664
-876
-649
-965
-1180
-437
-786
-817
-365
-711
-784
-542
-890
-1046
-697
-395
-785
-317
-397
-788
-937
-933
-724
-790
-438
-394
-727
-915
-676
-931
-972
-659
-666
-597
-598
-237
-600
-1122
-593
-636
-962
-986
-403
-980
-534
-482
-1045
-999
-388
-510
-897
-603
-201
-792
-546
-862
-1009
-670
-805
-706
-511
-274
-875
-792
-630
-670
-480
-587
-940
-927
-688
-519
-622
-773
-714
-782
-522
-818
-660
-732
-914
-620
-381
-511
-972
-987
-553
-373
-966
-832
-870
-1162
-743
-969
-723
-764
-521
-667
-540
-1067
-818
-714
-499
-1136
-853
-548
-403
-917
-999
-517
-600
-677
-1171
-412
-648
-927
-733
-392
-747
-526
-831
-893
-486
-684
-880
-896
-430
-492
-678
-760
-880
135
985
822
1554
1691
2399
2651
3053
3319
3408
3837
3601
4085
4067
2940
2553
2405
2205
2247
2334
2048
1916
1744
1661
1505
1581
1356
1445
1441
1274
1113
1239
1243
1240
1235
942
996
1000
865
823
836
872
761
473
727
630
529
671
631
628
512
481
468
516
486
317
348
293
364
303
350
275
335
39
295
241
226
107
33
106
32
-40
-40
-80
-113
62
-37
-37
106
-33
-102
-101
-23
-104
-26
-89
-30
-41
-33
-34
-20
35
35
36
104
96
37
33
96
37
-26
34
-91
36
90
-91
-23
-23
-91
30
36
36
36
-25
-31
-24
29
-84
-31
-31
-31
36
-31
-91
-17
90
29
36
-17
-24
36
-24
36
29
36
29
-24
-24
-24
29
-38
36
-24
29
-31
-17
-24
36
-31
-38
-24
-24
36
-31
-31
36
43
-31
-31
29
-31
-31
36
36
29
-24
-24
-17
36
-24
-31
-31
-24
-31
-31
-31
-24
-31
-24
29
-31
43
-31
29
-24
36
36
-24
29
-17
-323
-24
-84
36
-24
-17
-24
-17
-24
36
-31
-24
-24
36
-227
36
-17
-24
97
29
23
36
-24
-38
36
29
36
-24
29
36
-24
43
-17
-84
-77
29
-24
-24
29
90
-77
-31
-31
-91
-91
-24
-17
-24
36
-24
97
29
-24
29
225
90
23
-31
-24
36
-31
-31
103
-31
-24
-24
-31
-24
-24
29
36
103
36
-91
-24
-24
29
29
-17
36
-24
-24
-17
29
-31
-31
-24
-24
-24
-84
-24
36
-31
36
-31
103
-84
36
36
29
-24
-31
36
29
29
43
-24
36
36
36
36
-24
29
-31
36
36
-31
-17
29
-24
36
-31
-38
36
-24
-24
-24
43
36
36
36
43
-17
-24
29
36
-24
-91
-17
-24
43
-17
29
-24
-24
-17
29
-31
36
-24
43
36
-31
36
29
-24
-17
43
-24
-31
-24
29
97
43
97
-84
-24
29
-24
29
-31
-24
43
36
-31
36
-24
-24
-31
-24
-24
43
36
90
157
-31
-31
-31
-31
-24
-17
36
36
-31
29
-24
-31
-84
29
-91
43
-24
43
-24
-31
-31
-84
-24
29
-24
36
90
29
36
90
-17
-24
-31
-24
36
29
-31
90
-24
29
36
29
164
-24
-17
103
-24
-24
-91
36
-24
-24
97
29
-17
36
-24
36
36
-24
36
36
103
29
-24
36
-24
-24
23
-24
36
-24
-17
43
-31
-38
23
29
36
-91
36
-24
36
-17
36
-24
36
90
36
-24
-17
-31
-31
-77
-17
36
36
29
-31
-24
-17
36
-31
97
-24
-24
29
36
36
-24
29
-24
-31
-31
97
36
29
36
-24
-24
97
-24
-31
36
-24
-84
-31
103
36
-91
-24
-24
-24
29
36
-31
36
-24
83
90
29
-17
-24
-38
-24
-31
-31
43
90
-31
-84
-24
-24
-17
36
-31
164
-31
29
-91
-24
-31
-24
90
-84
29
-24
36
-17
-84
36
-38
36
29
29
-31
-31
-38
-31
36
103
36
-24
29
36
-91
-17
-17
36
-24
-24
43
-24
-24
-24
-31
-24
-17
97
36
43
-31
97
36
-17
-84
29
29
-24
29
-84
29
-24
-31
103
29
-31
29
43
43
-24
29
-17
-31
-31
36
-17
-84
29
36
-24
-31
29
-17
-24
-17
-24
-24
-24
-24
-24
-31
-24
-24
29
36
-24
-24
29
29
36
-31
43
36
29
-24
36
-31
90
-24
-31
-31
-31
-38
-24
-31
-24
36
36
-31
-17
-24
29
-24
-31
-31
36
29
-24
36
43
-24
-31
36
29
-38
-24
-24
36
29
-31
-24
-24
-17
43
29
-24
29
36
29
36
36
36
29
29
-31
29
29
-24
36
-31
-91
-24
29
23
-31
-24
29
-24
-24
97
36
-91
29
43
-24
-84
-91
29
-24
-84
97
-31
43
97
-31
29
-31
-31
-24
-84
-24
-31
103
29
36
-84
36
-98
-38
36
-31
36
-31
-24
-38
-31
-24
29
-17
-38
-24
36
29
97
-24
-24
36
-24
-24
36
29
-24
29
36
-17
-31
36
-24
-24
29
36
29
43
83
-24
29
-17
-31
36
-84
-211
-91
36
43
36
-24
-24
36
-24
-24
-31
-24
29
29
36
29
29
-17
29
-24
-24
43
-84
43
36
36
-24
-31
36
36
-17
29
-38
36
36
29
-17
-24
36
-84
36
29
-24
-84
36
-31
29
-24
-24
90
43
36
36
-31
43
-31
36
29
-24
-91
36
-24
-31
-91
-31
23
23
36
36
36
-24
-31
36
-31
-91
-24
-17
-24
43
-24
-317
-31
29
-24
-24
232
29
97
97
-24
-77
-24
-24
-24
36
-17
29
36
36
43
36
29
-24
-17
-17
90
36
-17
-24
36
-31
-24
29
-24
-77
36
36
-24
23
-84
36
-84
29
-24
29
36
36
36
-17
-24
-91
-31
90
-24
29
36
-24
-31
36
-24
-24
29
36
36
83
29
-31
-24
-24
29
-24
-31
-31
-24
36
43
-24
-24
29
-84
-24
43
97
-24
29
97
36
-31
-17
-31
-31
43
36
36
-24
-24
-31
29
-17
-31
-31
-31
103
36
29
-24
36
-31
-31
-24
36
-31
-144
97
-24
36
36
-31
29
29
-24
-24
-91
43
29
-24
36
36
36
36
36
43
-38
-31
36
90
-31
43
-38
36
-31
-17
-24
97
357
950
1399
2337
2658
3383
3619
3858
4102
4334
4313
4387
4672
4499
4553
4256
4275
4411
4239
4287
3978
3449
3658
3624
3161
2828
3358
2982
3171
3074
2818
2567
2778
2836
2926
2803
2806
2474
1978
2490
2424
1988
2179
2104
1817
1502
1707
1634
1260
1174
952
445
390
882
1180
612
990
924
808
696
757
591
723
690
686
731
730
446
1088
1079
726
484
917
961
1116
1027
1085
1234
381
697
872
311
447
1104
772
1271
681
333
618
482
751
544
408
23
926
1178
473
712
315
705
841
979
499
1029
930
860
999
958
960
458
1134
692
322
647
798
501
1030
402
350
449
632
1008
698
261
644
755
504
699
561
933
250
428
1037
479
682
575
1028
1580
207
1047
518
664
768
620
861
461
734
1047
429
582
986
961
696
-30
833
631
411
579
827
710
923
1104
851
309
496
534
822
578
917
316
728
682
397
703
1120
786
167
763
939
400
331
772
581
1040
624
-104
723
1056
855
720
404
589
971
775
540
987
773
592
1161
1029
554
598
552
507
638
289
996
552
640
610
278
511
560
663
952
913
-120
470
1036
545
464
974
747
599
888
819
328
291
1032
907
953
490
519
924
847
940
929
664
1043
980
430
230
672
1303
585
612
522
510
655
1136
465
295
1053
1011
553
869
601
868
1061
616
632
718
598
931
463
365
747
1226
799
612
897
1323
426
334
180
826
921
616
912
385
728
343
321
427
577
754
891
795
494
1029
986
412
933
1050
588
871
816
407
1195
898
540
589
719
658
906
449
-66
767
988
282
669
849
701
634
875
504
2
603
1285
529
462
647
703
872
676
406
1236
824
420
421
530
775
1083
691
482
956
1211
377
1266
670
261
508
394
724
1021
294
467
990
660
689
721
827
530
88
629
827
482
596
772
827
1001
394
329
924
747
767
568
479
533
1299
583
816
655
634
793
968
378
549
923
915
139
108
782
915
420
504
808
752
581
968
703
619
984
403
1030
701
462
180
648
1068
885
468
748
529
760
1203
300
427
928
945
728
427
933
598
436
755
796
527
538
921
906
421
647
700
746
873
1211
623
106
849
351
1001
706
323
899
915
1148
271
594
562
505
174
408
805
643
321
471
416
1137
878
113
441
300
347
930
506
249
548
851
846
526
781
735
221
677
875
1062
835
434
92
1041
787
390
807
633
615
627
975
718
505
838
959
627
634
883
1095
207
356
935
1043
406
27
659
734
503
597
819
516
839
596
228
388
502
289
429
1210
861
22
651
315
698
620
827
113
719
1012
555
488
590
745
551
673
423
1102
602
676
739
612
747
851
363
703
954
293
876
590
218
948
700
435
656
509
569
1092
526
292
656
754
788
77
824
486
554
625
442
-141
185
1116
456
581
309
702
984
335
754
926
511
876
415
415
456
1133
939
399
649
919
1211
325
728
374
998
346
793
522
438
492
1141
766
463
585
-280
1024
719
873
237
771
436
739
754
497
792
30
507
775
1004
494
786
611
475
748
936
1080
1128
667
224
686
521
436
480
477
782
631
193
595
130
341
605
925
899
377
680
410
974
676
512
748
816
568
34
950
972
629
776
557
631
626
775
624
449
735
1099
409
816
608
811
471
1304
471
674
650
388
553
362
679
798
303
-178
764
989
284
820
539
526
749
205
270
998
751
446
727
975
728
711
762
828
1214
945
563
750
1040
600
659
214
737
971
320
927
711
436
710
740
615
751
824
296
729
626
768
645
289
586
1063
529
291
776
391
1047
619
578
596
390
393
187
484
446
558
-73
1009
401
659
690
628
915
405
1051
440
931
718
885
622
597
-71
658
1081
753
846
876
196
507
938
569
510
969
641
1023
940
460
567
868
483
581
652
524
909
711
368
667
333
976
412
1254
752
515
458
829
1087
561
1128
301
932
1070
425
339
1052
344
-153
751
252
335
689
691
397
863
201
41
727
793
903
808
-3
372
616
373
690
535
678
914
716
1052
975
752
542
834
485
60
858
1006
492
476
350
297
533
712
461
1183
593
814
692
494
338
695
324
697
1023
164
577
278
533
625
331
413
727
1151
658
761
448
553
814
683
206
339
1070
397
733
905
1052
254
846
1107
509
481
934
738
624
462
766
553
323
413
459
291
651
559
572
1211
596
322
536
628
308
782
256
679
529
469
716
608
775
710
-278
624
562
78
441
458
927
255
1030
643
484
270
843
-105
676
994
534
899
537
-133
746
988
281
873
608
575
713
18
339
1252
640
805
937
571
375
913
861
415
692
751
735
457
1006
888
926
262
339
1101
334
898
604
496
526
454
968
-319
429
1050
503
369
484
990
796
221
556
568
262
940
479
841
541
823
587
370
929
480
450
449
1108
374
488
814
920
370
488
1073
681
425
641
428
778
800
1059
460
839
512
545
920
608
620
543
719
1051
341
333
931
1174
991
1080
1186
755
501
586
1235
472
874
547
926
911
475
442
270
574
709
582
638
639
850
785
693
927
547
734
399
724
592
548
232
475
481
427
395
553
441
658
420
339
539
588
93
748
751
592
-120
468
714
508
23
295
792
698
423
834
724
874
1059
895
520
697
735
255
767
323
411
694
854
301
898
1042
666
556
109
1072
219
530
620
515
1071
487
1156
367
411
945
179
921
792
293
383
707
1311
173
800
764
344
611
249
300
583
368
578
486
820
428
582
96
776
666
598
405
418
965
977
803
676
408
811
347
32
933
910
953
686
544
-84
287
855
299
707
815
952
536
681
488
595
928
872
468
638
868
401
703
927
325
376
637
978
507
1011
286
284
954
806
199
247
631
595
759
830
465
1129
504
908
573
902
586
990
-135
755
1176
1027
747
614
1075
737
1154
559
386
631
488
831
320
475
837
148
616
217
888
1153
456
785
600
452
947
977
186
702
475
178
589
503
1006
232
840
727
507
743
559
788
715
247
556
739
692
155
348
474
670
772
486
395
727
1048
302
886
455
539
561
1055
542
446
677
576
299
353
325
645
577
831
736
458
1067
265
725
307
856
580
726
679
756
690
386
992
745
786
757
822
504
837
844
665
455
276
438
917
532
568
669
534
683
882
371
953
626
393
741
721
204
653
766
472
917
372
346
1223
399
888
282
1003
465
720
957
1079
328
235
400
542
727
829
-47
352
750
493
713
536
-235
569
302
481
728
381
-199
694
920
582
616
37
260
751
642
674
622
237
303
442
345
474
785
603
874
663
484
660
369
829
694
800
367
599
573
590
683
593
370
296
546
476
723
633
583
704
733
981
376
801
818
595
926
316
382
854
715
524
878
802
389
960
550
706
923
619
775
839
622
749
1094
804
249
475
669
492
399
213
595
723
616
443
1077
437
522
427
896
644
728
251
781
917
263
583
1065
1085
758
714
657
1071
327
236
1003
603
644
715
454
514
842
520
1095
671
627
1150
617
1146
196
402
333
789
482
865
487
11
274
1177
531
363
524
464
762
961
435
1212
375
515
482
913
1055
180
883
257
554
630
735
356
217
598
940
228
237
566
242
1004
932
362
656
1099
112
-43
559
549
279
936
199
255
287
588
511
990
799
505
638
271
679
358
890
957
135
770
880
611
696
645
476
759
668
817
222
-74
955
57
651
820
1038
926
389
504
387
986
795
441
119
-138
402
782
581
609
576
555
801
321
408
544
721
335
1049
539
864
582
942
721
1065
425
434
885
295
656
57
939
478
52
829
286
608
732
869
-298
694
609
326
877
825
268
776
662
553
580
735
792
939
444
266
681
648
341
541
1183
749
758
544
493
1093
534
535
814
616
876
917
376
720
782
408
467
211
658
526
126
856
145
845
1094
254
757
117
635
472
575
646
866
910
661
-187
906
441
585
521
439
331
411
1040
595
732
344
1056
521
23
485
404
591
675
866
443
-101
846
378
555
439
480
639
544
-50
547
1012
274
638
764
629
753
715
207
558
363
446
720
647
560
782
254
162
1146
871
839
458
670
175
482
562
647
498
301
863
507
670
756
487
870
768
359
850
292
605
626
822
190
217
936
535
435
695
840
294
933
470
638
722
770
684
-149
653
991
313
885
755
680
353
514
-158
796
118
732
640
-333
570
569
407
890
983
169
-43
618
104
505
322
500
907
370
338
508
975
529
326
619
199
544
994
224
653
365
497
723
915
409
59
929
369
554
445
1019
-68
322
855
267
455
579
874
497
454
428
460
1022
696
-226
683
650
53
748
772
857
307
670
32
371
417
703
831
-495
593
588
210
881
4
471
506
818
651
439
665
164
1004
558
99
706
412
400
995
0
524
423
287
422
342
332
460
443
612
336
446
452
723
374
758
400
409
226
398
707
508
323
624
762
808
832
734
356
493
974
753
364
606
1002
470
1049
512
514
142
491
557
727
334
301
1119
815
190
779
315
393
662
198
301
998
546
1073
897
597
161
1027
417
1059
393
914
691
502
260
867
831
827
658
301
665
740
1192
1132
130
857
972
373
970
610
846
838
-29
854
914
630
891
585
162
729
569
728
921
788
721
745
366
776
871
239
555
589
375
620
506
757
353
383
1007
516
1179
428
462
390
552
662
170
237
339
754
34
971
622
369
387
497
-84
539
685
617
904
441
935
400
801
933
547
572
311
378
370
708
807
721
961
1138
695
1046
472
958
625
138
1057
520
503
785
329
249
537
1157
611
845
769
657
822
325
632
523
326
1125
400
497
539
1005
1121
771
436
874
417
506
527
451
772
52
712
456
438
374
698
885
407
-97
569
688
490
751
648
946
1021
155
539
742
712
391
417
662
771
-115
718
508
581
955
427
592
161
584
741
872
488
609
1087
680
348
568
149
734
834
393
674
223
309
671
557
728
89
255
744
343
412
180
832
84
716
294
281
697
506
716
480
1066
318
622
545
617
764
164
286
1167
622
555
337
641
575
-843
606
104
436
502
558
373
-10
497
577
62
151
519
482
795
338
541
217
556
671
772
-33
698
636
606
782
450
585
1002
184
895
235
652
777
-126
163
910
274
306
553
926
834
718
697
286
-51
758
757
647
400
557
521
443
979
565
192
260
416
557
605
1021
603
248
294
617
110
970
523
463
558
380
495
555
981
999
587
496
872
465
871
606
554
740
412
868
804
609
843
498
916
703
270
756
722
296
-21
911
636
447
664
642
194
117
716
-22
705
780
373
369
629
521
79
269
918
713
532
0
453
821
401
722
739
794
292
137
785
601
652
105
638
585
754
591
-22
510
967
363
182
877
213
320
333
305
674
393
553
530
652
399
555
452
616
694
171
730
424
655
648
944
455
73
634
1001
547
881
824
959
501
191
356
920
859
937
688
552
426
758
812
433
828
451
679
690
679
284
685
279
326
558
548
722
-56
364
1139
534
399
731
504
465
410
701
430
816
233
183
602
855
445
105
-18
565
557
600
580
541
287
706
272
307
721
819
224
850
408
276
1152
28
606
119
720
928
930
-45
564
179
695
541
1042
798
492
599
288
604
833
1110
788
954
796
727
630
254
818
343
1317
775
462
429
249
472
449
396
820
746
225
1029
532
437
396
245
106
1031
297
860
632
793
894
828
918
87
294
596
570
735
996
341
572
1127
274
944
666
197
938
635
573
1112
367
603
554
22
936
567
473
856
361
415
615
551
174
631
372
357
700
561
615
21
595
1143
229
822
456
714
684
-120
456
303
580
398
878
712
562
788
573
752
-302
709
982
512
438
358
808
39
525
555
507
109
742
325
411
634
589
181
810
789
384
412
659
270
653
322
769
450
455
877
408
526
-149
1159
457
517
736
544
85
401
231
665
633
504
695
96
-115
808
770
453
917
366
598
636
-112
764
220
848
592
834
521
-112
841
949
597
712
-105
548
589
565
508
-258
-121
989
306
627
981
960
829
160
-178
925
405
913
654
739
145
322
293
547
527
694
24
324
699
313
578
470
490
611
654
408
454
629
67
1137
173
778
560
725
-251
917
471
573
805
85
425
560
492
675
427
796
698
-108
528
1043
852
625
529
621
380
643
467
698
214
86
1188
859
427
381
756
380
619
577
611
526
-227
295
1108
675
654
717
108
1202
499
908
112
1014
920
325
468
762
514
160
672
451
861
643
547
694
9
652
605
665
345
716
281
739
806
350
595
596
462
368
560
502
37
562
410
863
676
712
995
452
602
597
57
496
192
-223
793
99
557
511
269
898
587
579
666
510
180
870
179
208
485
228
703
572
193
298
1009
72
828
221
640
475
525
992
535
542
998
660
305
630
578
1100
309
202
596
662
670
970
1073
657
923
241
573
624
741
191
569
338
513
881
560
285
599
175
585
523
146
663
229
646
1183
337
516
436
958
412
418
518
678
473
550
501
249
268
483
295
800
969
629
747
584
520
832
403
1093
191
821
415
701
856
339
426
600
494
658
790
718
739
810
488
937
457
451
761
857
785
1101
362
376
849
579
521
893
722
921
117
821
848
450
616
523
73
230
926
447
413
656
634
910
482
505
499
559
1008
440
514
1073
151
646
978
307
600
541
180
961
611
762
131
951
720
571
213
861
703
254
887
194
1110
898
103
675
760
503
901
216
876
699
573
710
440
815
1074
940
106
780
482
554
432
373
677
290
222
978
550
587
-137
606
712
567
690
821
615
40
487
335
916
784
401
784
182
930
554
600
235
631
62
324
987
874
172
292
1012
190
255
487
210
602
674
1038
16
726
384
234
471
123
284
450
931
887
197
678
512
744
171
1046
436
617
806
878
404
265
803
501
1032
494
969
210
721
773
669
917
538
932
116
805
383
675
693
644
451
725
610
824
807
428
419
436
508
721
543
669
244
423
624
511
645
326
544
910
382
625
606
660
912
586
684
1063
809
590
923
81
497
842
101
292
794
838
366
481
989
264
457
523
356
582
324
793
796
616
986
568
649
573
798
499
967
87
820
101
483
292
88
300
839
572
354
569
197
779
27
586
667
487
336
899
410
545
351
351
632
130
558
613
617
938
716
609
1154
346
903
110
1168
286
890
453
896
584
631
507
440
984
106
537
587
378
287
598
417
106
959
435
496
631
345
583
389
791
842
520
1068
387
796
620
405
907
363
1041
808
492
673
228
697
665
838
614
556
436
404
184
110
699
698
34
287
128
361
987
920
268
435
378
797
583
183
743
583
441
581
648
440
399
429
784
416
491
457
302
479
685
393
-84
563
769
403
809
467
775
414
-187
230
505
884
956
114
719
980
442
360
358
402
297
603
659
577
871
186
486
498
485
551
196
1114
144
1058
526
860
478
1059
584
392
939
816
744
512
560
721
464
495
990
301
719
497
-2
946
457
510
10
202
441
492
990
367
1081
252
526
582
395
497
547
850
126
263
244
673
574
635
590
680
159
852
731
493
916
611
758
356
162
598
502
800
632
924
728
150
819
663
299
592
-146
163
380
1048
52
408
277
628
400
887
702
343
1075
515
949
689
509
410
851
561
1084
328
956
483
622
430
522
950
675
451
928
814
469
718
624
645
1091
565
473
613
352
862
603
42
185
492
287
647
404
564
691
566
226
631
479
396
825
955
358
535
369
705
-1432
-1368
-1208
-1217
-916
-932
-943
-584
-679
-819
-668
-587
-467
-539
-478
-419
-487
-400
-338
-286
-256
-297
-243
-238
-173
-30
-65
-69
37
-98
-35
90
90
37
28
92
29
90
31
-36
-31
-37
25
-91
85
26
91
-36
-39
27
27
-100
-37
25
29
27
-37
28
-99
28
156
27
28
531
27
27
-37
27
28
-37
90
28
28
27
-229
-100
-35
-35
28
27
27
27
27
-38
28
27
-37
-34
-99
90
-35
-37
-35
29
-37
27
-35
-38
-37
27
28
-99
28
-34
-35
27
27
28
28
-38
-38
27
-37
27
27
-37
-37
27
-37
28
-37
-101
25
28
25
90
-99
-38
27
25
28
-38
-1506
-1898
-3129
-3475
-3739
-4428
-4627
-4423
-4340
-4450
-3965
-3868
-2952
-3063
-2998
-2909
-2941
-2423
-2448
-2666
-2385
-1320
-1895
-1301
-1601
-1395
-1443
-1182
-1503
-1485
-1303
-1328
-1018
-968
-1140
-1381
-1000
-1006
-620
-923
-956
-1021
-677
-1302
-755
-545
-1067
-657
-470
-140
-442
-796
-527
-261
-946
-1084
-640
-397
-671
-615
-337
-433
-840
-394
-781
-825
-470
-534
-756
-454
-524
-586
-246
-657
-216
-516
-173
-933
-547
-803
-795
-189
-842
-719
-605
-652
-367
-645
-259
-919
-338
-523
-362
20
-492
-245
-258
-442
-53
-339
-781
-474
-429
-681
-751
-260
-641
-700
-785
-232
-549
-390
-259
-524
-358
-839
-437
-419
-779
-333
-759
-488
-291
-622
-573
-445
-141
-916
-542
-139
-732
-711
-219
-428
-511
-106
-141
-702
-203
-510
-584
-642
-149
-275
-466
-644
-190
-41
-683
-461
-286
-471
-192
-786
-359
-671
-455
-816
-640
-498
-500
-421
-399
-395
-584
-510
-196
-681
-315
-680
-96
-721
-549
-308
-786
-624
-430
-548
-569
-329
-509
-703
-825
-441
-565
-445
-790
-708
-322
-570
-744
-457
-625
-249
-678
-689
-732
-825
-640
-334
-808
-320
-589
-252
-315
-617
-338
-533
-270
-477
-666
-238
-401
-222
-458
-376
-448
-334
-249
-515
-67
-358
-684
-192
-622
-667
-129
-556
-201
-390
-981
-607
-512
-335
-528
-674
-340
-671
-93
-441
-397
-43
-625
-274
-386
-509
-560
-566
-684
-97
-423
-337
-830
-1062
-632
-338
-515
-643
-606
-574
-378
-384
-352
-374
-937
-472
-307
-712
-304
-606
-214
-496
-291
-118
-793
-613
-382
-573
-688
-717
-588
-691
-447
-431
-581
-400
-432
-974
-267
-447
-396
-730
-651
-523
-367
-487
-175
-660
-118
-492
-452
-482
-659
-488
-991
-158
-312
-547
-298
-263
-637
-578
-363
-896
-523
-528
-95
-270
-268
-594
-222
-964
-294
-665
-178
-584
-186
-934
-293
-479
-213
-819
-443
-563
-186
-863
-663
-396
-309
-802
-997
-238
-358
-691
-515
-669
-307
-590
-574
-431
-199
-426
-1131
-458
-657
-731
-670
-342
-480
-749
-690
-749
-921
-566
-944
-505
-562
-83
-336
-405
-895
-414
-270
-848
-372
-420
-677
-1031
-1033
-504
-364
-891
-351
-332
-259
-630
-291
-231
-461
-394
-982
-573
-604
-852
-406
-727
-95
-761
-881
-291
-647
-765
-397
-577
-530
-201
-394
-636
-301
-635
-43
-672
-853
-442
-753
-218
-593
-408
-540
-521
-577
-617
-641
-319
-279
-840
-484
-368
-302
-583
-611
-701
-512
-892
-130
-478
-416
-463
-829
-289
-536
-237
-643
-516
-763
-381
-584
-183
-621
-446
-374
-314
-722
-864
-339
-354
-327
-488
-417
-290
-313
-325
-545
-749
-591
-654
-637
-762
-524
-199
-493
-171
-467
-542
-615
-386
-106
-478
-343
-528
-136
-304
4080
3716
3318
3075
2856
2640
2224
2076
2274
2051
2000
2101
1519
1690
1635
1404
1458
1179
1164
1039
878
807
916
483
543
335
323
400
369
351
368
228
110
108
105
78
96
12
141
87
69
78
75
102
32
66
59
37
163
103
37
29
-26
37
36
41
-20
32
40
32
36
-23
36
-22
36
-22
36
-91
36
98
-91
-22
-26
33
-84
-29
-29
36
-29
-29
33
-22
-29
33
-29
-29
-26
-26
-26
-26
33
-29
29
-29
40
-26
-22
36
36
-29
-29
40
-88
95
-84
36
36
36
-26
33
-26
-29
-26
40
36
98
33
36
-26
-26
36
-29
-26
-26
91
-26
-88
40
33
40
-26
102
-22
-29
33
-22
98
-29
-26
-26
98
-29
102
-29
-22
-22
36
-29
-91
33
33
-26
33
-29
-26
33
-26
36
-26
-26
-26
40
33
-26
-29
33
-29
-29
36
-29
33
36
-26
-26
95
36
-26
-26
40
-29
33
36
-29
-26
-29
-29
-26
-29
-29
-26
40
-29
40
-26
-26
33
-91
-26
33
-26
98
-22
-26
-22
36
33
-26
-29
36
36
36
-26
36
36
-26
33
102
33
33
-29
-26
-29
36
36
-29
33
-26
-29
-29
36
36
-91
36
40
33
-29
-29
36
-26
33
-29
-26
36
33
102
36
-88
36
-26
-26
-29
36
-33
-26
36
-22
2714
2406
1770
2390
2294
1836
1879
1666
1781
1626
1788
1803
1335
1698
1698
1522
1727
1448
1081
1512
1299
927
1671
1602
1452
1716
1412
885
553
703
608
983
708
1047
1168
967
698
803
892
699
863
513
781
1210
563
747
670
684
1023
1205
1398
931
454
517
762
834
704
960
829
313
252
898
417
754
688
932
873
819
1036
493
987
696
1129
1263
808
594
777
1004
438
330
883
742
771
576
1159
380
1052
738
742
525
1122
827
283
505
1212
860
1048
1005
143
1029
915
460
600
763
1072
235
254
959
736
713
990
723
127
775
255
662
1208
675
770
420
826
1008
385
1090
671
327
1239
853
538
437
843
160
848
1251
463
417
293
939
633
182
606
758
721
650
740
809
262
394
734
449
827
963
934
702
1119
405
1030
388
612
561
647
400
639
708
407
591
269
480
391
1131
7
351
514
571
878
144
965
403
648
1047
750
512
788
98
765
772
339
498
538
753
407
642
748
80
1195
409
502
809
933
390
425
687
691
638
650
871
636
200
433
579
730
777
871
851
661
687
687
693
330
1001
230
689
1113
1017
700
223
754
1018
780
955
737
246
881
418
408
408
302
528
776
559
984
391
670
999
901
369
496
1069
540
333
390
538
1003
843
72
821
78
568
851
528
462
1163
853
425
269
536
587
428
367
602
673
261
436
490
447
413
708
479
389
295
530
551
120
822
652
629
423
347
351
692
1173
906
481
162
675
99
630
336
524
447
325
870
-66
532
794
650
467
231
474
501
682
830
263
482
845
507
1096
443
922
254
755
465
746
306
1001
1153
262
874
299
766
656
615
871
65
775
977
441
804
411
453
1175
626
818
632
388
1014
1067
293
452
518
401
297
921
86
559
671
921
236
709
409
590
751
558
818
284
1112
457
600
269
538
176
1113
259
-622
-2055
-3877
-2753
-2519
-1985
-1485
-1444
-1502
-1071
-1163
-1052
-816
-963
-906
-884
-974
-897
-689
-672
-612
-457
-564
-385
-431
-403
-292
-403
-352
-299
-291
-270
-225
-179
-90
54
28
102
105
163
36
49
-31
-23
-27
-31
91
-379
36
36
36
37
35
-151
-91
-31
-31
-32
36
36
37
-20
36
40
-22
-20
36
36
97
42
-24
-226
-31
36
-24
-36
-19
42
-24
-31
37
-79
36
-31
-24
97
-24
-24
36
-24
-24
-85
-24
-24
-627
36
36
-24
30
30
36
36
36
-31
30
97
-24
-24
-31
-24
30
-31
97
-18
-24
-79
-85
-24
30
-31
-24
-24
-24
36
-24
-31
-31
30
-24
36
36
-31
36
-31
-85
36
-24
-31
36
36
-24
30
30
30
-24
-24
36
36
-24
-24
97
-31
-569
-85
37
30
30
-24
91
-503
37
-19
-24
30
-24
-31
97
30
-24
-97
37
30
-24
-24
30
24
-31
30
42
37
-24
37
-31
97
-31
-24
-31
90
-24
36
-24
36
90
-24
30
-31
30
36
-220
30
-18
-18
36
30
-24
-85
-24
30
-18
-31
-24
24
-24
-85
-31
-24
30
-24
-18
-31
-97
30
37
91
-24
-24
-24
-31
30
97
-31
-24
30
37
-24
37
37
-31
37
-31
-31
-24
97
-24
-19
37
-24
-19
-24
-24
-31
30
-24
-24
-31
37
24
97
37
-24
-24
37
-19
30
30
-24
37
-31
37
158
37
30
42
-31
-19
-19
-31
-24
-31
30
-31
37
-31
30
-19
-31
-24
-31
36
-31
36
-24
-24
36
-24
90
30
90
-85
-264
-31
36
36
-18
-37
30
-31
-91
-31
-85
90
-18
-24
157
-24
-31
-24
30
36
36
36
-31
-24
-31
42
36
-31
-31
-24
-18
-18
36
42
36
-31
-24
36
42
-31
-24
-31
30
-91
-31
36
-24
-85
-24
-24
-24
36
36
-24
36
-91
42
-24
-31
36
97
-31
-24
36
-31
-18
-31
-91
36
-37
-24
-18
90
-31
103
30
36
30
30
84
97
-24
36
-24
30
-24
-91
30
-31
30
-31
36
36
42
-18
-24
-24
42
36
-91
30
36
30
-31
-446
-24
-24
36
36
36
36
30
-24
30
-85
-24
-91
-24
30
36
-206
30
42
-24
-24
97
36
-24
24
36
-85
-31
-31
-24
-24
36
-24
-31
36
-24
30
-31
-24
36
-31
36
-31
-31
36
36
36
-37
-24
-24
-24
36
-31
36
-31
97
-24
36
36
-37
36
30
36
-31
-31
97
36
-18
30
-24
97
-24
36
36
-31
36
-24
30
30
-24
-91
36
-24
36
-91
-31
-24
-24
-24
36
24
-24
-91
36
24
-97
-91
-24
-31
97
36
-31
36
-31
-31
42
-18
24
-24
36
-24
-85
30
-24
36
30
-31
36
36
42
30
42
30
30
-380
-92
30
-31
37
-31
-24
30
30
-24
37
-24
37
42
37
-31
-31
30
97
42
-24
-79
97
37
-31
-24
-31
-19
-31
24
37
97
-19
30
-31
-31
37
-19
97
-24
30
-31
37
-31
30
-24
-31
-31
37
-31
30
-24
-24
-24
37
-24
-31
24
37
37
-31
91
37
-24
-31
97
-24
-24
30
37
-31
30
158
91
-24
30
-31
-24
37
37
37
-24
91
37
-24
-31
-19
-19
30
37
37
-85
-79
-24
-31
-31
-24
-85
97
-24
-31
-31
42
30
37
-31
30
-31
-24
-19
-24
-24
-19
42
-31
30
30
-19
-19
30
37
37
37
37
97
37
-31
37
37
30
30
-24
-31
-19
-24
91
30
-24
37
30
-24
37
30
37
-36
30
-92
30
42
30
-24
-19
42
-24
97
-24
-213
-31
37
42
-24
-31
-24
-24
30
-31
-36
103
30
151
-31
97
-24
37
37
48
-19
-19
-24
30
-31
37
37
-24
30
-31
42
-92
-24
30
97
97
-24
37
37
-85
-31
-24
97
-24
30
42
48
-24
-24
-24
30
-31
37
-24
30
-24
30
91
30
37
-24
-19
37
-31
-24
37
24
-36
-85
30
-31
30
-24
37
-19
30
-24
-24
-31
-31
-24
-24
-31
24
-31
42
-31
-326
-24
37
-24
37
30
-24
37
37
30
-85
37
30
-24
-24
24
-24
-31
-24
-24
-24
24
-31
-140
91
-79
-24
42
37
37
-85
30
-19
-31
30
42
37
-31
37
37
42
-24
-85
-19
30
-24
91
-31
-31
-19
-24
30
30
-24
-24
-24
-19
37
42
37
30
30
-31
37
30
-19
-24
24
-19
-24
30
-24
-24
42
-24
-24
-24
-31
37
42
-31
-36
-36
-24
-24
-31
30
97
-24
37
-24
-24
42
42
-24
37
-19
-24
-31
-19
30
-92
37
-31
-31
232
37
37
37
-31
37
-31
-31
-24
-31
42
-24
-31
-31
30
-24
30
-24
37
37
-31
37
42
-19
-36
-24
-24
30
97
37
-24
-24
37
30
-24
-31
42
-31
-24
-24
30
37
-24
-31
97
30
-24
37
-24
-31
37
30
37
37
-92
103
-31
-85
-24
-24
37
-31
-31
-31
-24
-24
30
-24
-24
-31
37
-31
-19
151
-24
-31
37
37
42
-31
-31
37
-31
30
30
-31
-92
97
-92
-31
37
37
-24
-31
42
37
-31
-31
37
-24
-85
-24
-146
85
-24
-24
-24
-266
37
-31
-24
-24
-24
-24
-92
-19
-31
-19
37
-31
-19
30
-24
-24
30
-85
42
30
37
-85
-24
97
30
97
-31
37
-85
-24
-31
-24
-24
37
-24
-31
37
37
30
-24
42
37
-24
-31
37
37
-85
37
-24
-19
37
91
-24
-206
97
-19
-24
30
30
-31
158
-92
-31
-326
30
-31
42
30
42
-24
-24
37
-24
-24
-31
-79
-31
30
37
97
24
42
30
-24
97
30
-31
-24
-31
37
-85
-36
37
30
37
-24
91
-24
37
-24
30
-24
-31
-24
36
-24
-31
-31
36
36
30
30
36
36
36
-31
42
-31
36
30
-85
-31
-31
-24
30
-31
-19
37
97
-24
37
-31
91
30
37
97
97
-24
-24
-24
-24
-24
-19
-31
-31
-24
-31
37
24
-36
-31
-24
37
-24
30
158
30
-31
-31
-31
-31
-31
-24
42
-24
-24
-31
37
37
-92
37
-24
37
-24
97
37
30
30
42
-31
37
-31
-31
-85
-31
-24
37
30
-31
30
-24
37
37
-24
-24
42
-24
91
-24
37
97
30
30
-24
-36
-24
-24
-31
37
30
-24
-31
-31
-24
-24
30
-31
-19
-24
37
-24
-24
-24
-85
30
-31
-19
-24
-85
85
42
-24
-24
97
30
-31
-85
-31
-31
-24
30
37
-31
30
-24
103
97
-19
37
30
37
-31
-31
-24
-19
-19
37
37
-24
-24
-24
37
42
-24
91
-24
-24
-24
37
-24
-24
-31
42
-85
97
37
42
97
37
-31
225
-24
30
-31
24
-18
-18
-24
-91
36
30
-85
36
97
-85
36
-24
30
-24
36
-31
30
-31
-24
36
30
-85
-24
-31
-31
-24
97
30
97
97
36
-31
42
-31
-24
-31
30
-19
-31
-24
37
37
-24
-24
37
37
24
-24
30
30
-24
30
-24
-24
-24
30
-24
-24
-24
97
-24
42
-31
36
-91
42
-24
36
-91
36
-325
-85
36
-85
30
36
-18
36
36
30
90
84
-24
36
-31
30
-18
-12
24
-31
-24
36
-24
90
30
30
-24
42
-31
-31
30
-24
30
-31
37
-24
-31
-24
37
-24
-24
103
-31
30
-24
37
-31
30
30
-31
-24
37
-24
-31
30
-24
30
-19
91
-24
-31
37
37
37
-19
42
-24
-31
-24
30
37
30
36
30
-24
-24
30
-18
-24
42
-85
30
-18
36
-31
90
-31
-24
-85
36
36
36
-31
30
36
-24
42
-31
-24
-85
-24
-24
36
42
-24
-24
30
-91
36
42
36
97
-24
-24
97
-31
-31
-85
-24
-24
30
36
-31
36
-91
97
42
36
36
36
-24
36
36
-24
-31
-24
36
-220
36
30
30
36
-24
-145
-31
-31
36
36
36
-24
-24
-85
-31
-24
-31
36
36
-72
-24
-18
-24
-31
36
30
-24
-31
36
-91
-24
30
-24
-24
36
97
36
-24
-31
-152
30
-24
-24
-24
42
-31
36
-24
36
36
-31
42
30
-31
97
36
30
-31
36
42
-31
-31
42
-31
-18
24
36
-18
36
90
-31
-31
-24
36
36
-79
30
-37
-24
-24
-85
-31
-31
-24
36
-31
30
-24
-85
36
30
30
90
-24
97
-24
-85
36
-24
-85
36
-31
-31
-24
-31
42
-31
-37
36
36
-24
30
-31
-85
-24
97
-31
103
-18
36
-18
36
-24
-31
42
-24
36
30
97
-31
-24
36
-24
36
36
30
36
36
-24
-31
-31
-24
-31
30
-91
-12
36
-31
42
-24
-24
-18
36
36
-24
-24
-85
-24
-24
-31
24
30
-24
42
-24
-18
30
-91
42
36
97
-24
-31
-24
97
36
-31
-31
30
-97
42
-31
-24
42
-24
-37
-24
-31
36
97
-24
-31
-18
-24
30
-24
36
-24
-31
-24
30
36
36
-37
-31
36
-31
90
-31
103
97
30
-31
-31
42
-24
-18
-31
-91
-85
-24
36
36
-31
-31
36
-24
-37
-31
30
-24
90
-24
97
-85
36
36
-24
-31
30
36
36
36
36
-24
30
109
-24
-31
-24
36
30
30
-24
-31
42
-24
-24
-85
-24
36
90
-24
30
30
-31
36
-24
-31
36
36
36
-24
36
-24
-24
30
-18
30
-24
-31
97
-91
-24
-24
36
-31
97
-24
-24
30
36
-31
-24
-85
30
-31
-24
-24
30
36
-31
37
30
42
37
-85
-31
-31
-31
-31
-31
30
37
-31
37
-85
-24
-24
-24
-85
-24
-19
97
-31
37
-85
37
30
-19
-24
-31
91
-24
37
-24
30
-24
-31
30
-31
103
30
-31
-19
-31
-24
-79
30
37
37
-24
37
-24
30
-91
-31
-91
-18
-24
-24
42
-24
90
30
-24
-31
36
30
42
97
-31
-31
-85
-24
36
-18
-24
36
36
-91
42
-37
-31
36
-24
-31
-18
36
-24
103
-31
30
-24
-24
-24
24
97
42
-24
30
-31
36
30
30
30
-79
37
-24
30
-24
-91
-31
-24
42
-31
-31
-85
-31
36
36
36
30
-18
36
36
30
151
30
36
30
-24
-24
90
36
36
-31
36
-91
-24
36
-24
-91
-31
36
-24
36
-31
36
36
-91
84
97
90
36
-24
-24
36
36
-24
-24
-85
36
30
-24
36
-24
30
-31
-31
-24
42
-31
-24
-31
-24
-24
-31
97
36
-37
-24
-24
36
36
36
30
-31
-31
-24
238
-31
-31
97
36
36
30
-18
36
-91
90
36
-79
97
-24
-24
-31
-24
30
-31
91
30
-31
-24
-31
30
-24
30
37
42
-19
-36
30
-36
97
37
37
-31
-24
-24
-31
-92
-24
-92
37
37
-31
42
30
37
37
-36
-31
97
-24
42
37
30
37
-85
91
37
-24
-24
-24
37
-24
42
-24
-31
-24
91
-24
97
30
30
-13
37
37
30
30
37
-31
109
37
-24
30
-19
37
-85
30
-31
-24
42
37
-24
-140
-24
37
30
-19
97
42
97
37
-31
-24
-31
-24
-31
-24
-31
-24
-24
-31
-31
30
30
30
-24
37
-19
-85
-24
-24
37
-19
37
-92
30
-31
-31
-31
103
30
-24
30
-19
91
-24
-31
37
30
97
-24
-31
37
91
30
-24
-152
-31
37
-85
-19
37
42
-31
42
42
37
-24
37
-19
37
-24
-97
37
-31
-24
-31
-19
-31
91
30
30
-31
-24
30
-24
30
-31
-24
-24
-31
37
30
-24
30
24
37
-24
-24
-24
30
30
30
-24
37
-31
-448
-19
24
-31
97
-24
-31
-31
-24
-31
37
-24
-31
103
-31
42
-31
-85
37
37
-24
-13
24
-36
37
-24
-36
-24
-24
37
-24
-31
37
37
-31
-326
37
-31
-24
42
37
37
37
-31
-24
109
-24
-24
-24
30
-31
-19
-36
37
30
-31
30
30
-24
-31
-24
37
-31
-19
37
-24
30
-24
30
-24
-31
30
-85
-24
37
-24
42
97
-85
-24
-24
158
37
-85
-24
-31
-79
-24
37
30
-24
-31
30
-24
37
37
-24
-24
-19
37
-31
-24
42
42
